Date;Cash;Defensiv;Ausgewogen;Offensiv
30.06.17; 100,00 € ; 100,00 € ; 100,00 € ; 100,00 € 
03.07.17; 100,00 € ; 100,14 € ; 100,17 € ; 100,27 € 
04.07.17; 100,00 € ; 100,21 € ; 100,16 € ; 100,24 € 
05.07.17; 100,00 € ; 100,01 € ; 100,02 € ; 100,20 € 
06.07.17; 100,00 € ; 99,71 € ; 99,65 € ; 99,64 € 
07.07.17; 100,00 € ; 99,63 € ; 99,54 € ; 99,57 € 
10.07.17; 100,00 € ; 99,89 € ; 99,81 € ; 99,88 € 
11.07.17; 100,00 € ; 99,83 € ; 99,77 € ; 99,83 € 
12.07.17; 100,00 € ; 100,59 € ; 100,54 € ; 100,83 € 
13.07.17; 100,00 € ; 100,66 € ; 100,61 € ; 101,03 € 
14.07.17; 100,00 € ; 100,73 € ; 100,68 € ; 101,10 € 
17.07.17; 100,00 € ; 100,74 € ; 100,69 € ; 101,09 € 
18.07.17; 100,00 € ; 100,54 € ; 100,45 € ; 100,63 € 
19.07.17; 100,00 € ; 100,99 € ; 100,96 € ; 101,36 € 
20.07.17; 100,00 € ; 100,67 € ; 100,56 € ; 100,72 € 
21.07.17; 100,00 € ; 100,51 € ; 100,45 € ; 100,56 € 
24.07.17; 100,00 € ; 100,58 € ; 100,56 € ; 100,72 € 
25.07.17; 100,00 € ; 100,52 € ; 100,51 € ; 100,81 € 
26.07.17; 100,00 € ; 100,67 € ; 100,65 € ; 101,02 € 
27.07.17; 100,00 € ; 100,81 € ; 100,83 € ; 101,24 € 
28.07.17; 100,00 € ; 100,36 € ; 100,36 € ; 100,63 € 
31.07.17; 100,00 € ; 100,34 € ; 100,29 € ; 100,48 € 
01.08.17; 100,00 € ; 100,60 € ; 100,53 € ; 100,67 € 
02.08.17; 100,00 € ; 100,36 € ; 100,23 € ; 100,18 € 
03.08.17; 100,00 € ; 100,22 € ; 100,19 € ; 100,08 € 
04.08.17; 100,00 € ; 100,43 € ; 100,45 € ; 100,56 € 
07.08.17; 100,00 € ; 100,52 € ; 100,53 € ; 100,63 € 
08.08.17; 100,00 € ; 100,67 € ; 100,74 € ; 101,02 € 
09.08.17; 100,00 € ; 100,59 € ; 100,67 € ; 100,82 € 
10.08.17; 100,00 € ; 100,29 € ; 100,38 € ; 100,41 € 
11.08.17; 100,00 € ; 100,01 € ; 100,06 € ; 99,84 € 
14.08.17; 100,00 € ; 100,40 € ; 100,47 € ; 100,43 € 
15.08.17; 100,00 € ; 100,28 € ; 100,36 € ; 100,38 € 
16.08.17; 100,00 € ; 100,63 € ; 100,76 € ; 100,92 € 
17.08.17; 100,00 € ; 100,52 € ; 100,67 € ; 100,82 € 
18.08.17; 100,00 € ; 100,47 € ; 100,62 € ; 100,70 € 
21.08.17; 100,00 € ; 100,33 € ; 100,48 € ; 100,54 € 
22.08.17; 100,00 € ; 100,68 € ; 100,84 € ; 101,02 € 
23.08.17; 100,00 € ; 100,64 € ; 100,82 € ; 100,99 € 
24.08.17; 100,00 € ; 100,67 € ; 100,84 € ; 101,01 € 
25.08.17; 100,00 € ; 100,64 € ; 100,82 € ; 100,99 € 
28.08.17; 100,00 € ; 100,52 € ; 100,67 € ; 100,72 € 
29.08.17; 100,00 € ; 100,37 € ; 100,53 € ; 100,40 € 
30.08.17; 100,00 € ; 100,46 € ; 100,72 € ; 100,84 € 
31.08.17; 100,00 € ; 100,71 € ; 101,03 € ; 101,22 € 
01.09.17; 100,00 € ; 100,89 € ; 101,29 € ; 101,61 € 
04.09.17; 100,00 € ; 100,74 € ; 101,10 € ; 101,30 € 
05.09.17; 100,00 € ; 100,81 € ; 101,17 € ; 101,34 € 
06.09.17; 100,00 € ; 100,73 € ; 101,08 € ; 101,22 € 
07.09.17; 100,00 € ; 100,88 € ; 101,24 € ; 101,33 € 
08.09.17; 100,00 € ; 100,65 € ; 101,02 € ; 101,13 € 
11.09.17; 100,00 € ; 100,90 € ; 101,34 € ; 101,63 € 
12.09.17; 100,00 € ; 100,82 € ; 101,33 € ; 101,80 € 
13.09.17; 100,00 € ; 100,87 € ; 101,40 € ; 101,91 € 
14.09.17; 100,00 € ; 100,91 € ; 101,47 € ; 102,05 € 
15.09.17; 100,00 € ; 100,82 € ; 101,27 € ; 101,73 € 
18.09.17; 100,00 € ; 100,88 € ; 101,33 € ; 101,87 € 
19.09.17; 100,00 € ; 100,79 € ; 101,21 € ; 101,72 € 
20.09.17; 100,00 € ; 100,83 € ; 101,28 € ; 101,80 € 
21.09.17; 100,00 € ; 100,69 € ; 101,13 € ; 101,61 € 
22.09.17; 100,00 € ; 100,57 € ; 100,98 € ; 101,40 € 
25.09.17; 100,00 € ; 100,61 € ; 101,12 € ; 101,44 € 
26.09.17; 100,00 € ; 100,61 € ; 101,18 € ; 101,62 € 
27.09.17; 100,00 € ; 100,46 € ; 101,00 € ; 101,44 € 
28.09.17; 100,00 € ; 100,42 € ; 100,93 € ; 101,34 € 
29.09.17; 100,00 € ; 100,61 € ; 101,13 € ; 101,63 € 
02.10.17; 100,00 € ; 100,89 € ; 101,45 € ; 102,09 € 
04.10.17; 100,00 € ; 101,08 € ; 101,70 € ; 102,55 € 
05.10.17; 100,00 € ; 101,35 € ; 102,01 € ; 102,97 € 
06.10.17; 100,00 € ; 101,18 € ; 101,81 € ; 102,70 € 
09.10.17; 100,00 € ; 101,17 € ; 101,81 € ; 102,72 € 
10.10.17; 100,00 € ; 101,25 € ; 101,88 € ; 102,78 € 
11.10.17; 100,00 € ; 101,14 € ; 101,71 € ; 102,54 € 
12.10.17; 100,00 € ; 101,12 € ; 101,75 € ; 102,65 € 
13.10.17; 100,00 € ; 101,38 € ; 102,02 € ; 102,94 € 
16.10.17; 100,00 € ; 101,43 € ; 102,09 € ; 103,07 € 
17.10.17; 100,00 € ; 101,36 € ; 101,98 € ; 102,89 € 
18.10.17; 100,00 € ; 101,40 € ; 102,00 € ; 102,92 € 
19.10.17; 100,00 € ; 101,03 € ; 101,59 € ; 102,25 € 
20.10.17; 100,00 € ; 101,15 € ; 101,75 € ; 102,66 € 
23.10.17; 100,00 € ; 101,19 € ; 101,76 € ; 102,58 € 
24.10.17; 100,00 € ; 100,98 € ; 101,61 € ; 102,51 € 
25.10.17; 100,00 € ; 100,63 € ; 101,19 € ; 101,94 € 
26.10.17; 100,00 € ; 100,99 € ; 101,60 € ; 102,55 € 
27.10.17; 100,00 € ; 101,64 € ; 102,37 € ; 103,51 € 
30.10.17; 100,00 € ; 101,43 € ; 102,08 € ; 103,03 € 
31.10.17; 100,00 € ; 101,47 € ; 102,12 € ; 103,09 € 
01.11.17; 100,00 € ; 101,82 € ; 102,49 € ; 103,60 € 
02.11.17; 100,00 € ; 101,76 € ; 102,43 € ; 103,46 € 
03.11.17; 100,00 € ; 101,87 € ; 102,57 € ; 103,69 € 
06.11.17; 100,00 € ; 102,20 € ; 103,00 € ; 104,31 € 
07.11.17; 100,00 € ; 102,19 € ; 102,99 € ; 104,26 € 
08.11.17; 100,00 € ; 102,19 € ; 103,02 € ; 104,25 € 
09.11.17; 100,00 € ; 101,68 € ; 102,52 € ; 103,64 € 
10.11.17; 100,00 € ; 101,48 € ; 102,29 € ; 103,38 € 
13.11.17; 100,00 € ; 101,35 € ; 102,19 € ; 103,33 € 
14.11.17; 100,00 € ; 100,89 € ; 101,62 € ; 102,39 € 
15.11.17; 100,00 € ; 100,80 € ; 101,51 € ; 102,28 € 
16.11.17; 100,00 € ; 101,08 € ; 101,85 € ; 102,81 € 
17.11.17; 100,00 € ; 101,23 € ; 102,03 € ; 102,93 € 
20.11.17; 100,00 € ; 101,51 € ; 102,28 € ; 103,32 € 
21.11.17; 100,00 € ; 101,57 € ; 102,37 € ; 103,46 € 
22.11.17; 100,00 € ; 101,92 € ; 102,73 € ; 103,87 € 
23.11.17; 100,00 € ; 101,70 € ; 102,44 € ; 103,43 € 
24.11.17; 100,00 € ; 101,47 € ; 102,15 € ; 103,02 € 
27.11.17; 100,00 € ; 101,31 € ; 102,03 € ; 102,86 € 
28.11.17; 100,00 € ; 101,56 € ; 102,33 € ; 103,29 € 
29.11.17; 100,00 € ; 101,19 € ; 101,90 € ; 102,77 € 
30.11.17; 100,00 € ; 100,94 € ; 101,58 € ; 102,28 € 
01.12.17; 100,00 € ; 100,66 € ; 101,25 € ; 101,66 € 
04.12.17; 100,00 € ; 100,91 € ; 101,56 € ; 102,19 € 
05.12.17; 100,00 € ; 100,90 € ; 101,54 € ; 102,13 € 
06.12.17; 100,00 € ; 100,81 € ; 101,44 € ; 101,96 € 
07.12.17; 100,00 € ; 100,84 € ; 101,40 € ; 101,87 € 
08.12.17; 100,00 € ; 100,94 € ; 101,54 € ; 102,09 € 
11.12.17; 100,00 € ; 100,92 € ; 101,52 € ; 102,10 € 
12.12.17; 100,00 € ; 101,07 € ; 101,69 € ; 102,43 € 
13.12.17; 100,00 € ; 101,18 € ; 101,76 € ; 102,44 € 
14.12.17; 100,00 € ; 101,19 € ; 101,78 € ; 102,43 € 
15.12.17; 100,00 € ; 101,26 € ; 101,89 € ; 102,58 € 
18.12.17; 100,00 € ; 101,47 € ; 102,09 € ; 102,86 € 
19.12.17; 100,00 € ; 101,16 € ; 101,79 € ; 102,62 € 
20.12.17; 100,00 € ; 100,98 € ; 101,62 € ; 102,41 € 
21.12.17; 100,00 € ; 101,15 € ; 101,78 € ; 102,62 € 
22.12.17; 100,00 € ; 101,22 € ; 101,92 € ; 102,84 € 
25.12.17; 100,00 € ; 101,22 € ; 101,92 € ; 102,84 € 
26.12.17; 100,00 € ; 101,22 € ; 101,92 € ; 102,84 € 
27.12.17; 100,00 € ; 101,38 € ; 102,08 € ; 102,98 € 
28.12.17; 100,00 € ; 101,38 € ; 102,08 € ; 102,98 € 
29.12.17; 100,00 € ; 101,38 € ; 102,07 € ; 103,00 € 
02.01.18; 100,00 € ; 101,12 € ; 101,92 € ; 102,97 € 
03.01.18; 100,00 € ; 101,65 € ; 102,51 € ; 103,78 € 
04.01.18; 100,00 € ; 101,82 € ; 102,70 € ; 104,09 € 
05.01.18; 100,00 € ; 102,13 € ; 103,06 € ; 104,66 € 
08.01.18; 100,00 € ; 102,45 € ; 103,47 € ; 105,29 € 
09.01.18; 100,00 € ; 102,65 € ; 103,72 € ; 105,67 € 
10.01.18; 100,00 € ; 102,26 € ; 103,32 € ; 105,18 € 
11.01.18; 100,00 € ; 102,13 € ; 103,14 € ; 104,98 € 
12.01.18; 100,00 € ; 102,26 € ; 103,30 € ; 105,22 € 
15.01.18; 100,00 € ; 101,91 € ; 102,85 € ; 104,49 € 
16.01.18; 100,00 € ; 102,20 € ; 103,12 € ; 104,86 € 
17.01.18; 100,00 € ; 102,29 € ; 103,23 € ; 105,03 € 
18.01.18; 100,00 € ; 102,19 € ; 103,15 € ; 104,99 € 
19.01.18; 100,00 € ; 102,43 € ; 103,43 € ; 105,42 € 
22.01.18; 100,00 € ; 102,58 € ; 103,56 € ; 105,62 € 
23.01.18; 100,00 € ; 102,81 € ; 103,80 € ; 105,96 € 
24.01.18; 100,00 € ; 102,57 € ; 103,57 € ; 105,70 € 
25.01.18; 100,00 € ; 102,50 € ; 103,52 € ; 105,67 € 
26.01.18; 100,00 € ; 102,75 € ; 103,77 € ; 106,03 € 
29.01.18; 100,00 € ; 102,60 € ; 103,63 € ; 105,92 € 
30.01.18; 100,00 € ; 101,92 € ; 102,87 € ; 104,75 € 
31.01.18; 100,00 € ; 101,97 € ; 102,94 € ; 104,86 € 
01.02.18; 100,00 € ; 101,60 € ; 102,59 € ; 104,34 € 
02.02.18; 100,00 € ; 100,81 € ; 101,76 € ; 103,24 € 
05.02.18; 100,00 € ; 100,43 € ; 101,43 € ; 102,79 € 
06.02.18; 100,00 € ; 99,48 € ; 100,41 € ; 101,09 € 
07.02.18; 100,00 € ; 99,94 € ; 100,74 € ; 101,59 € 
08.02.18; 100,00 € ; 99,48 € ; 100,36 € ; 101,02 € 
09.02.18; 100,00 € ; 99,23 € ; 100,20 € ; 100,78 € 
12.02.18; 100,00 € ; 99,31 € ; 100,29 € ; 100,92 € 
13.02.18; 100,00 € ; 99,04 € ; 100,07 € ; 100,84 € 
14.02.18; 100,00 € ; 99,15 € ; 100,25 € ; 101,12 € 
15.02.18; 100,00 € ; 99,20 € ; 100,29 € ; 101,20 € 
16.02.18; 100,00 € ; 99,32 € ; 100,45 € ; 101,45 € 
19.02.18; 100,00 € ; 99,36 € ; 100,48 € ; 101,46 € 
20.02.18; 100,00 € ; 99,27 € ; 100,36 € ; 101,32 € 
21.02.18; 100,00 € ; 99,39 € ; 100,49 € ; 101,47 € 
22.02.18; 100,00 € ; 99,38 € ; 100,49 € ; 101,49 € 
23.02.18; 100,00 € ; 99,45 € ; 100,55 € ; 101,51 € 
26.02.18; 100,00 € ; 99,59 € ; 100,69 € ; 101,65 € 
27.02.18; 100,00 € ; 99,39 € ; 100,48 € ; 101,48 € 
28.02.18; 100,00 € ; 99,37 € ; 100,48 € ; 101,48 € 
01.03.18; 100,00 € ; 99,48 € ; 100,52 € ; 101,39 € 
02.03.18; 100,00 € ; 99,20 € ; 100,23 € ; 101,07 € 
05.03.18; 100,00 € ; 99,36 € ; 100,37 € ; 101,19 € 
06.03.18; 100,00 € ; 99,34 € ; 100,40 € ; 101,25 € 
07.03.18; 100,00 € ; 99,21 € ; 100,24 € ; 101,06 € 
08.03.18; 100,00 € ; 99,38 € ; 100,40 € ; 101,19 € 
09.03.18; 100,00 € ; 99,36 € ; 100,43 € ; 101,34 € 
12.03.18; 100,00 € ; 99,45 € ; 100,48 € ; 101,36 € 
13.03.18; 100,00 € ; 99,32 € ; 100,38 € ; 101,15 € 
14.03.18; 100,00 € ; 99,38 € ; 100,37 € ; 101,08 € 
15.03.18; 100,00 € ; 99,39 € ; 100,33 € ; 101,04 € 
16.03.18; 100,00 € ; 99,42 € ; 100,33 € ; 101,01 € 
19.03.18; 100,00 € ; 98,96 € ; 99,91 € ; 100,39 € 
20.03.18; 100,00 € ; 99,28 € ; 100,26 € ; 100,99 € 
21.03.18; 100,00 € ; 99,31 € ; 100,35 € ; 101,12 € 
22.03.18; 100,00 € ; 98,78 € ; 99,80 € ; 100,20 € 
23.03.18; 100,00 € ; 98,58 € ; 99,71 € ; 100,03 € 
26.03.18; 100,00 € ; 98,43 € ; 99,55 € ; 99,83 € 
27.03.18; 100,00 € ; 98,59 € ; 99,72 € ; 100,02 € 
28.03.18; 100,00 € ; 98,55 € ; 99,63 € ; 99,80 € 
29.03.18; 100,00 € ; 98,77 € ; 99,87 € ; 100,14 € 
30.03.18; 100,00 € ; 98,77 € ; 99,87 € ; 100,14 € 
02.04.18; 100,00 € ; 98,77 € ; 99,87 € ; 100,14 € 
03.04.18; 100,00 € ; 98,74 € ; 99,88 € ; 100,22 € 
04.04.18; 100,00 € ; 98,64 € ; 99,78 € ; 100,10 € 
05.04.18; 100,00 € ; 98,88 € ; 100,10 € ; 100,63 € 
06.04.18; 100,00 € ; 98,68 € ; 99,86 € ; 100,22 € 
09.04.18; 100,00 € ; 98,68 € ; 99,87 € ; 100,24 € 
10.04.18; 100,00 € ; 98,71 € ; 99,90 € ; 100,28 € 
11.04.18; 100,00 € ; 98,77 € ; 100,01 € ; 100,39 € 
12.04.18; 100,00 € ; 98,75 € ; 99,94 € ; 100,34 € 
13.04.18; 100,00 € ; 98,78 € ; 99,98 € ; 100,37 € 
16.04.18; 100,00 € ; 98,61 € ; 99,83 € ; 100,21 € 
17.04.18; 100,00 € ; 98,79 € ; 99,98 € ; 100,40 € 
18.04.18; 100,00 € ; 98,86 € ; 100,07 € ; 100,60 € 
19.04.18; 100,00 € ; 98,67 € ; 99,89 € ; 100,48 € 
20.04.18; 100,00 € ; 98,60 € ; 99,84 € ; 100,41 € 
23.04.18; 100,00 € ; 98,58 € ; 99,81 € ; 100,43 € 
24.04.18; 100,00 € ; 98,51 € ; 99,78 € ; 100,43 € 
25.04.18; 100,00 € ; 98,20 € ; 99,51 € ; 100,12 € 
26.04.18; 100,00 € ; 98,54 € ; 99,81 € ; 100,49 € 
27.04.18; 100,00 € ; 98,70 € ; 99,98 € ; 100,67 € 
30.04.18; 100,00 € ; 98,76 € ; 100,01 € ; 100,67 € 
01.05.18; 100,00 € ; 98,71 € ; 99,97 € ; 100,66 € 
02.05.18; 100,00 € ; 98,72 € ; 99,94 € ; 100,62 € 
03.05.18; 100,00 € ; 98,62 € ; 99,84 € ; 100,39 € 
04.05.18; 100,00 € ; 98,73 € ; 99,98 € ; 100,66 € 
07.05.18; 100,00 € ; 98,79 € ; 100,03 € ; 100,74 € 
08.05.18; 100,00 € ; 98,72 € ; 99,99 € ; 100,77 € 
09.05.18; 100,00 € ; 98,83 € ; 100,09 € ; 100,93 € 
10.05.18; 100,00 € ; 99,19 € ; 100,51 € ; 101,54 € 
11.05.18; 100,00 € ; 99,14 € ; 100,44 € ; 101,44 € 
14.05.18; 100,00 € ; 99,17 € ; 100,46 € ; 101,46 € 
15.05.18; 100,00 € ; 98,87 € ; 100,10 € ; 101,05 € 
16.05.18; 100,00 € ; 99,18 € ; 100,49 € ; 101,70 € 
17.05.18; 100,00 € ; 99,13 € ; 100,46 € ; 101,75 € 
18.05.18; 100,00 € ; 99,13 € ; 100,45 € ; 101,62 € 
21.05.18; 100,00 € ; 99,20 € ; 100,54 € ; 101,79 € 
22.05.18; 100,00 € ; 99,29 € ; 100,64 € ; 101,97 € 
23.05.18; 100,00 € ; 99,27 € ; 100,63 € ; 101,85 € 
24.05.18; 100,00 € ; 99,27 € ; 100,61 € ; 101,72 € 
25.05.18; 100,00 € ; 99,59 € ; 101,02 € ; 102,27 € 
28.05.18; 100,00 € ; 99,63 € ; 101,08 € ; 102,37 € 
29.05.18; 100,00 € ; 99,76 € ; 101,17 € ; 102,35 € 
30.05.18; 100,00 € ; 99,49 € ; 100,87 € ; 102,01 € 
31.05.18; 100,00 € ; 99,59 € ; 100,91 € ; 101,99 € 
01.06.18; 100,00 € ; 99,63 € ; 101,03 € ; 102,29 € 
04.06.18; 100,00 € ; 99,81 € ; 101,22 € ; 102,49 € 
05.06.18; 100,00 € ; 99,82 € ; 101,23 € ; 102,53 € 
06.06.18; 100,00 € ; 99,61 € ; 101,03 € ; 102,42 € 
07.06.18; 100,00 € ; 99,48 € ; 100,86 € ; 102,21 € 
08.06.18; 100,00 € ; 99,53 € ; 100,89 € ; 102,22 € 
11.06.18; 100,00 € ; 99,55 € ; 100,94 € ; 102,30 € 
12.06.18; 100,00 € ; 99,62 € ; 101,00 € ; 102,38 € 
13.06.18; 100,00 € ; 99,65 € ; 101,04 € ; 102,41 € 
14.06.18; 100,00 € ; 99,91 € ; 101,48 € ; 103,01 € 
15.06.18; 100,00 € ; 99,70 € ; 101,02 € ; 102,25 € 
18.06.18; 100,00 € ; 99,70 € ; 100,98 € ; 102,20 € 
19.06.18; 100,00 € ; 99,62 € ; 100,81 € ; 101,85 € 
20.06.18; 100,00 € ; 99,63 € ; 100,88 € ; 101,99 € 
21.06.18; 100,00 € ; 99,40 € ; 100,54 € ; 101,51 € 
22.06.18; 100,00 € ; 99,39 € ; 100,58 € ; 101,60 € 
25.06.18; 100,00 € ; 98,79 € ; 99,70 € ; 100,24 € 
26.06.18; 100,00 € ; 98,83 € ; 99,76 € ; 100,34 € 
27.06.18; 100,00 € ; 99,02 € ; 100,03 € ; 100,67 € 
28.06.18; 100,00 € ; 98,84 € ; 99,80 € ; 100,34 € 
29.06.18; 100,00 € ; 98,97 € ; 99,92 € ; 100,45 € 
02.07.18; 100,00 € ; 98,83 € ; 99,72 € ; 100,20 € 
03.07.18; 100,00 € ; 99,01 € ; 99,95 € ; 100,47 € 
04.07.18; 100,00 € ; 98,98 € ; 99,89 € ; 100,39 € 
05.07.18; 100,00 € ; 98,88 € ; 99,80 € ; 100,27 € 
06.07.18; 100,00 € ; 98,98 € ; 99,91 € ; 100,39 € 
09.07.18; 100,00 € ; 99,08 € ; 100,12 € ; 100,74 € 
10.07.18; 100,00 € ; 99,15 € ; 100,21 € ; 100,88 € 
11.07.18; 100,00 € ; 99,06 € ; 100,01 € ; 100,59 € 
12.07.18; 100,00 € ; 99,21 € ; 100,18 € ; 100,80 € 
13.07.18; 100,00 € ; 99,31 € ; 100,32 € ; 100,97 € 
16.07.18; 100,00 € ; 99,12 € ; 100,05 € ; 100,60 € 
17.07.18; 100,00 € ; 99,22 € ; 100,15 € ; 100,74 € 
18.07.18; 100,00 € ; 99,31 € ; 100,26 € ; 100,93 € 
19.07.18; 100,00 € ; 99,36 € ; 100,29 € ; 100,89 € 
20.07.18; 100,00 € ; 99,28 € ; 100,15 € ; 100,75 € 
23.07.18; 100,00 € ; 99,04 € ; 99,95 € ; 100,63 € 
24.07.18; 100,00 € ; 99,27 € ; 100,27 € ; 101,08 € 
25.07.18; 100,00 € ; 99,36 € ; 100,37 € ; 101,20 € 
26.07.18; 100,00 € ; 99,41 € ; 100,51 € ; 101,46 € 
27.07.18; 100,00 € ; 99,42 € ; 100,53 € ; 101,51 € 
30.07.18; 100,00 € ; 99,20 € ; 100,21 € ; 101,07 € 
31.07.18; 100,00 € ; 99,29 € ; 100,33 € ; 101,18 € 
01.08.18; 100,00 € ; 99,22 € ; 100,27 € ; 101,23 € 
02.08.18; 100,00 € ; 99,25 € ; 100,24 € ; 101,18 € 
03.08.18; 100,00 € ; 99,54 € ; 100,59 € ; 101,63 € 
06.08.18; 100,00 € ; 99,69 € ; 100,74 € ; 101,79 € 
07.08.18; 100,00 € ; 99,66 € ; 100,78 € ; 101,92 € 
08.08.18; 100,00 € ; 99,58 € ; 100,63 € ; 101,71 € 
09.08.18; 100,00 € ; 99,64 € ; 100,70 € ; 101,78 € 
10.08.18; 100,00 € ; 99,81 € ; 100,82 € ; 101,89 € 
13.08.18; 100,00 € ; 99,50 € ; 100,37 € ; 101,22 € 
14.08.18; 100,00 € ; 99,70 € ; 100,64 € ; 101,63 € 
15.08.18; 100,00 € ; 99,51 € ; 100,24 € ; 100,98 € 
16.08.18; 100,00 € ; 99,54 € ; 100,31 € ; 101,11 € 
17.08.18; 100,00 € ; 99,49 € ; 100,21 € ; 100,90 € 
20.08.18; 100,00 € ; 99,60 € ; 100,36 € ; 101,11 € 
21.08.18; 100,00 € ; 99,52 € ; 100,24 € ; 100,98 € 
22.08.18; 100,00 € ; 99,43 € ; 100,15 € ; 100,86 € 
23.08.18; 100,00 € ; 99,40 € ; 100,08 € ; 100,73 € 
24.08.18; 100,00 € ; 99,50 € ; 100,24 € ; 100,97 € 
27.08.18; 100,00 € ; 99,54 € ; 100,31 € ; 101,08 € 
28.08.18; 100,00 € ; 99,34 € ; 100,08 € ; 100,83 € 
29.08.18; 100,00 € ; 99,36 € ; 100,14 € ; 100,97 € 
30.08.18; 100,00 € ; 99,41 € ; 100,15 € ; 100,90 € 
31.08.18; 100,00 € ; 99,50 € ; 100,24 € ; 101,01 € 
03.09.18; 100,00 € ; 99,45 € ; 100,19 € ; 100,96 € 
04.09.18; 100,00 € ; 99,30 € ; 99,98 € ; 100,71 € 
05.09.18; 100,00 € ; 99,15 € ; 99,72 € ; 100,34 € 
06.09.18; 100,00 € ; 99,22 € ; 99,78 € ; 100,36 € 
07.09.18; 100,00 € ; 99,23 € ; 99,81 € ; 100,48 € 
10.09.18; 100,00 € ; 99,13 € ; 99,69 € ; 100,29 € 
11.09.18; 100,00 € ; 99,04 € ; 99,62 € ; 100,27 € 
12.09.18; 100,00 € ; 99,12 € ; 99,73 € ; 100,41 € 
13.09.18; 100,00 € ; 99,15 € ; 99,72 € ; 100,33 € 
14.09.18; 100,00 € ; 99,04 € ; 99,66 € ; 100,39 € 
17.09.18; 100,00 € ; 98,98 € ; 99,59 € ; 100,26 € 
18.09.18; 100,00 € ; 98,97 € ; 99,63 € ; 100,31 € 
19.09.18; 100,00 € ; 98,82 € ; 99,49 € ; 100,21 € 
20.09.18; 100,00 € ; 98,84 € ; 99,50 € ; 100,19 € 
21.09.18; 100,00 € ; 98,82 € ; 99,48 € ; 100,15 € 
24.09.18; 100,00 € ; 98,74 € ; 99,40 € ; 100,11 € 
25.09.18; 100,00 € ; 98,68 € ; 99,39 € ; 100,15 € 
26.09.18; 100,00 € ; 98,69 € ; 99,38 € ; 100,11 € 
27.09.18; 100,00 € ; 98,74 € ; 99,45 € ; 100,16 € 
28.09.18; 100,00 € ; 98,82 € ; 99,56 € ; 100,31 € 
01.10.18; 100,00 € ; 98,79 € ; 99,57 € ; 100,35 € 
02.10.18; 100,00 € ; 98,89 € ; 99,70 € ; 100,52 € 
03.10.18; 100,00 € ; 98,79 € ; 99,62 € ; 100,49 € 
04.10.18; 100,00 € ; 98,56 € ; 99,35 € ; 100,29 € 
05.10.18; 100,00 € ; 98,54 € ; 99,31 € ; 100,25 € 
08.10.18; 100,00 € ; 98,53 € ; 99,25 € ; 100,24 € 
09.10.18; 100,00 € ; 98,61 € ; 99,33 € ; 100,33 € 
10.10.18; 100,00 € ; 98,46 € ; 99,07 € ; 99,97 € 
11.10.18; 100,00 € ; 98,60 € ; 99,21 € ; 100,12 € 
12.10.18; 100,00 € ; 98,68 € ; 99,31 € ; 100,24 € 
15.10.18; 100,00 € ; 98,71 € ; 99,38 € ; 100,37 € 
16.10.18; 100,00 € ; 98,80 € ; 99,54 € ; 100,61 € 
17.10.18; 100,00 € ; 98,91 € ; 99,67 € ; 100,75 € 
18.10.18; 100,00 € ; 98,81 € ; 99,55 € ; 100,63 € 
19.10.18; 100,00 € ; 98,74 € ; 99,45 € ; 100,50 € 
22.10.18; 100,00 € ; 98,80 € ; 99,50 € ; 100,54 € 
23.10.18; 100,00 € ; 98,85 € ; 99,50 € ; 100,46 € 
24.10.18; 100,00 € ; 98,92 € ; 99,64 € ; 100,63 € 
25.10.18; 100,00 € ; 98,93 € ; 99,65 € ; 100,64 € 
26.10.18; 100,00 € ; 99,05 € ; 99,71 € ; 100,61 € 
29.10.18; 100,00 € ; 99,00 € ; 99,64 € ; 100,51 € 
30.10.18; 100,00 € ; 98,92 € ; 99,58 € ; 100,51 € 
31.10.18; 100,00 € ; 98,87 € ; 99,55 € ; 100,51 € 
01.11.18; 100,00 € ; 98,96 € ; 99,70 € ; 100,75 € 
02.11.18; 100,00 € ; 98,90 € ; 99,67 € ; 100,81 € 
05.11.18; 100,00 € ; 98,95 € ; 99,73 € ; 100,86 € 
06.11.18; 100,00 € ; 98,86 € ; 99,61 € ; 100,73 € 
07.11.18; 100,00 € ; 98,89 € ; 99,66 € ; 100,76 € 
08.11.18; 100,00 € ; 98,75 € ; 99,51 € ; 100,59 € 
09.11.18; 100,00 € ; 98,41 € ; 99,04 € ; 99,87 € 
12.11.18; 100,00 € ; 98,52 € ; 99,14 € ; 99,94 € 
13.11.18; 100,00 € ; 98,41 € ; 99,02 € ; 99,82 € 
14.11.18; 100,00 € ; 98,46 € ; 99,09 € ; 99,91 € 
15.11.18; 100,00 € ; 98,58 € ; 99,23 € ; 100,07 € 
16.11.18; 100,00 € ; 98,59 € ; 99,21 € ; 100,01 € 
19.11.18; 100,00 € ; 98,44 € ; 99,04 € ; 99,77 € 
20.11.18; 100,00 € ; 98,22 € ; 98,78 € ; 99,39 € 
21.11.18; 100,00 € ; 98,39 € ; 99,02 € ; 99,74 € 
22.11.18; 100,00 € ; 98,29 € ; 98,89 € ; 99,54 € 
23.11.18; 100,00 € ; 98,41 € ; 99,00 € ; 99,65 € 
26.11.18; 100,00 € ; 98,40 € ; 98,95 € ; 99,58 € 
27.11.18; 100,00 € ; 98,45 € ; 99,02 € ; 99,68 € 
28.11.18; 100,00 € ; 98,42 € ; 99,04 € ; 99,75 € 
29.11.18; 100,00 € ; 98,64 € ; 99,28 € ; 100,02 € 
30.11.18; 100,00 € ; 98,67 € ; 99,29 € ; 100,03 € 
03.12.18; 100,00 € ; 98,77 € ; 99,49 € ; 100,28 € 
04.12.18; 100,00 € ; 98,89 € ; 99,61 € ; 100,35 € 
05.12.18; 100,00 € ; 98,78 € ; 99,48 € ; 100,17 € 
06.12.18; 100,00 € ; 98,61 € ; 99,18 € ; 99,56 € 
07.12.18; 100,00 € ; 98,61 € ; 99,31 € ; 99,82 € 
10.12.18; 100,00 € ; 98,39 € ; 99,00 € ; 99,27 € 
11.12.18; 100,00 € ; 98,46 € ; 99,11 € ; 99,40 € 
12.12.18; 100,00 € ; 98,44 € ; 99,03 € ; 99,36 € 
13.12.18; 100,00 € ; 98,44 € ; 99,01 € ; 99,35 € 
14.12.18; 100,00 € ; 98,50 € ; 99,07 € ; 99,37 € 
17.12.18; 100,00 € ; 98,42 € ; 98,98 € ; 99,24 € 
18.12.18; 100,00 € ; 98,53 € ; 99,04 € ; 99,20 € 
19.12.18; 100,00 € ; 98,56 € ; 99,01 € ; 99,16 € 
20.12.18; 100,00 € ; 98,59 € ; 99,06 € ; 99,17 € 
21.12.18; 100,00 € ; 98,48 € ; 98,99 € ; 99,15 € 
24.12.18; 100,00 € ; 98,59 € ; 99,07 € ; 99,16 € 
25.12.18; 100,00 € ; 98,59 € ; 99,07 € ; 99,16 € 
26.12.18; 100,00 € ; 98,59 € ; 99,07 € ; 99,16 € 
27.12.18; 100,00 € ; 98,65 € ; 99,20 € ; 99,35 € 
28.12.18; 100,00 € ; 98,65 € ; 99,20 € ; 99,35 € 
31.12.18; 100,00 € ; 98,65 € ; 99,20 € ; 99,36 € 
01.01.19; 100,00 € ; 98,65 € ; 99,20 € ; 99,36 € 
02.01.19; 100,00 € ; 98,95 € ; 99,53 € ; 99,70 € 
03.01.19; 100,00 € ; 98,96 € ; 99,53 € ; 99,62 € 
04.01.19; 100,00 € ; 99,04 € ; 99,62 € ; 99,85 € 
07.01.19; 100,00 € ; 98,94 € ; 99,49 € ; 99,73 € 
08.01.19; 100,00 € ; 98,94 € ; 99,51 € ; 99,79 € 
09.01.19; 100,00 € ; 98,98 € ; 99,53 € ; 99,84 € 
10.01.19; 100,00 € ; 99,07 € ; 99,63 € ; 99,95 € 
11.01.19; 100,00 € ; 99,11 € ; 99,68 € ; 100,00 € 
14.01.19; 100,00 € ; 99,08 € ; 99,67 € ; 99,97 € 
15.01.19; 100,00 € ; 99,23 € ; 99,86 € ; 100,24 € 
16.01.19; 100,00 € ; 99,33 € ; 99,96 € ; 100,41 € 
17.01.19; 100,00 € ; 99,33 € ; 99,96 € ; 100,42 € 
18.01.19; 100,00 € ; 99,67 € ; 100,36 € ; 101,05 € 
21.01.19; 100,00 € ; 99,55 € ; 100,18 € ; 100,77 € 
22.01.19; 100,00 € ; 99,38 € ; 99,97 € ; 100,39 € 
23.01.19; 100,00 € ; 99,24 € ; 99,82 € ; 100,16 € 
24.01.19; 100,00 € ; 99,79 € ; 100,46 € ; 100,98 € 
25.01.19; 100,00 € ; 99,99 € ; 100,70 € ; 101,37 € 
28.01.19; 100,00 € ; 99,44 € ; 100,09 € ; 100,45 € 
29.01.19; 100,00 € ; 99,67 € ; 100,35 € ; 100,81 € 
30.01.19; 100,00 € ; 99,87 € ; 100,57 € ; 101,14 € 
31.01.19; 100,00 € ; 100,52 € ; 101,34 € ; 102,15 € 
01.02.19; 100,00 € ; 100,35 € ; 101,15 € ; 101,92 € 
05.02.19; 100,00 € ; 100,63 € ; 101,45 € ; 102,30 € 
06.02.19; 100,00 € ; 101,03 € ; 101,86 € ; 102,91 € 
07.02.19; 100,00 € ; 100,46 € ; 101,19 € ; 101,89 € 
08.02.19; 100,00 € ; 100,51 € ; 101,25 € ; 101,89 € 
11.02.19; 100,00 € ; 100,93 € ; 101,72 € ; 102,60 € 
12.02.19; 100,00 € ; 101,04 € ; 101,89 € ; 102,93 € 
13.02.19; 100,00 € ; 101,09 € ; 101,89 € ; 102,94 € 
14.02.19; 100,00 € ; 100,98 € ; 101,74 € ; 102,66 € 
15.02.19; 100,00 € ; 101,40 € ; 102,20 € ; 103,36 € 
18.02.19; 100,00 € ; 101,39 € ; 102,19 € ; 103,34 € 
19.02.19; 100,00 € ; 101,51 € ; 102,33 € ; 103,47 € 
20.02.19; 100,00 € ; 101,69 € ; 102,57 € ; 103,90 € 
21.02.19; 100,00 € ; 101,44 € ; 102,24 € ; 103,43 € 
22.02.19; 100,00 € ; 101,89 € ; 102,78 € ; 104,20 € 
25.02.19; 100,00 € ; 102,22 € ; 103,15 € ; 104,79 € 
26.02.19; 100,00 € ; 102,03 € ; 102,86 € ; 104,31 € 
27.02.19; 100,00 € ; 101,64 € ; 102,43 € ; 103,78 € 
28.02.19; 100,00 € ; 101,37 € ; 102,12 € ; 103,38 € 
01.03.19; 100,00 € ; 101,36 € ; 102,04 € ; 103,29 € 
04.03.19; 100,00 € ; 101,64 € ; 102,32 € ; 103,64 € 
05.03.19; 100,00 € ; 102,05 € ; 102,79 € ; 104,35 € 
06.03.19; 100,00 € ; 101,93 € ; 102,63 € ; 104,06 € 
07.03.19; 100,00 € ; 101,92 € ; 102,60 € ; 103,86 € 
08.03.19; 100,00 € ; 101,48 € ; 102,12 € ; 103,11 € 
11.03.19; 100,00 € ; 102,06 € ; 102,77 € ; 104,11 € 
12.03.19; 100,00 € ; 102,16 € ; 102,89 € ; 104,21 € 
13.03.19; 100,00 € ; 102,27 € ; 103,01 € ; 104,42 € 
14.03.19; 100,00 € ; 102,13 € ; 102,75 € ; 104,03 € 
15.03.19; 100,00 € ; 102,50 € ; 103,15 € ; 104,60 € 
18.03.19; 100,00 € ; 102,64 € ; 103,31 € ; 104,78 € 
19.03.19; 100,00 € ; 102,85 € ; 103,55 € ; 105,14 € 
20.03.19; 100,00 € ; 102,40 € ; 103,04 € ; 104,36 € 
21.03.19; 100,00 € ; 102,75 € ; 103,44 € ; 104,81 € 
22.03.19; 100,00 € ; 102,54 € ; 103,16 € ; 104,19 € 
25.03.19; 100,00 € ; 102,45 € ; 103,10 € ; 104,05 € 
26.03.19; 100,00 € ; 102,70 € ; 103,36 € ; 104,48 € 
27.03.19; 100,00 € ; 102,75 € ; 103,33 € ; 104,31 € 
28.03.19; 100,00 € ; 102,81 € ; 103,37 € ; 104,39 € 
29.03.19; 100,00 € ; 103,19 € ; 103,82 € ; 105,10 € 
01.04.19; 100,00 € ; 103,53 € ; 104,24 € ; 105,84 € 
02.04.19; 100,00 € ; 103,70 € ; 104,43 € ; 106,09 € 
03.04.19; 100,00 € ; 103,82 € ; 104,58 € ; 106,46 € 
04.04.19; 100,00 € ; 103,77 € ; 104,55 € ; 106,38 € 
05.04.19; 100,00 € ; 103,95 € ; 104,81 € ; 106,77 € 
08.04.19; 100,00 € ; 103,82 € ; 104,68 € ; 106,56 € 
09.04.19; 100,00 € ; 103,77 € ; 104,64 € ; 106,47 € 
10.04.19; 100,00 € ; 103,97 € ; 104,88 € ; 106,77 € 
11.04.19; 100,00 € ; 103,65 € ; 104,44 € ; 106,16 € 
12.04.19; 100,00 € ; 103,65 € ; 104,46 € ; 106,28 € 
15.04.19; 100,00 € ; 103,49 € ; 104,26 € ; 105,97 € 
16.04.19; 100,00 € ; 103,59 € ; 104,35 € ; 106,21 € 
17.04.19; 100,00 € ; 103,53 € ; 104,30 € ; 106,14 € 
18.04.19; 100,00 € ; 103,83 € ; 104,66 € ; 106,60 € 
19.04.19; 100,00 € ; 103,83 € ; 104,66 € ; 106,60 € 
22.04.19; 100,00 € ; 103,83 € ; 104,66 € ; 106,60 € 
23.04.19; 100,00 € ; 103,90 € ; 104,77 € ; 106,81 € 
24.04.19; 100,00 € ; 103,98 € ; 104,87 € ; 106,83 € 
25.04.19; 100,00 € ; 103,90 € ; 104,77 € ; 106,71 € 
26.04.19; 100,00 € ; 104,16 € ; 105,04 € ; 107,02 € 
29.04.19; 100,00 € ; 104,07 € ; 104,94 € ; 106,91 € 
30.04.19; 100,00 € ; 103,89 € ; 104,70 € ; 106,53 € 
01.05.19; 100,00 € ; 103,95 € ; 104,75 € ; 106,55 € 
02.05.19; 100,00 € ; 103,67 € ; 104,47 € ; 106,25 € 
03.05.19; 100,00 € ; 104,17 € ; 105,03 € ; 107,07 € 
06.05.19; 100,00 € ; 103,48 € ; 104,31 € ; 105,98 € 
07.05.19; 100,00 € ; 103,12 € ; 103,94 € ; 105,30 € 
08.05.19; 100,00 € ; 103,03 € ; 103,83 € ; 105,13 € 
09.05.19; 100,00 € ; 102,18 € ; 102,87 € ; 103,72 € 
10.05.19; 100,00 € ; 102,15 € ; 102,85 € ; 103,73 € 
13.05.19; 100,00 € ; 101,94 € ; 102,69 € ; 103,42 € 
14.05.19; 100,00 € ; 102,22 € ; 102,99 € ; 103,91 € 
15.05.19; 100,00 € ; 102,40 € ; 103,17 € ; 104,09 € 
16.05.19; 100,00 € ; 102,68 € ; 103,45 € ; 104,53 € 
17.05.19; 100,00 € ; 102,57 € ; 103,29 € ; 104,27 € 
20.05.19; 100,00 € ; 102,28 € ; 103,00 € ; 103,84 € 
21.05.19; 100,00 € ; 102,41 € ; 103,17 € ; 104,16 € 
22.05.19; 100,00 € ; 102,46 € ; 103,24 € ; 104,19 € 
23.05.19; 100,00 € ; 102,27 € ; 103,03 € ; 103,80 € 
24.05.19; 100,00 € ; 102,33 € ; 103,04 € ; 103,78 € 
27.05.19; 100,00 € ; 102,42 € ; 103,15 € ; 103,94 € 
28.05.19; 100,00 € ; 102,48 € ; 103,16 € ; 103,89 € 
29.05.19; 100,00 € ; 102,35 € ; 103,08 € ; 103,69 € 
30.05.19; 100,00 € ; 102,44 € ; 103,21 € ; 103,90 € 
31.05.19; 100,00 € ; 102,41 € ; 103,23 € ; 103,83 € 
03.06.19; 100,00 € ; 102,50 € ; 103,37 € ; 103,93 € 
04.06.19; 100,00 € ; 102,60 € ; 103,44 € ; 104,04 € 
05.06.19; 100,00 € ; 102,85 € ; 103,69 € ; 104,33 € 
06.06.19; 100,00 € ; 102,95 € ; 103,81 € ; 104,46 € 
07.06.19; 100,00 € ; 103,26 € ; 104,08 € ; 104,75 € 
10.06.19; 100,00 € ; 103,16 € ; 104,00 € ; 104,73 € 
11.06.19; 100,00 € ; 103,35 € ; 104,17 € ; 105,00 € 
12.06.19; 100,00 € ; 103,32 € ; 104,17 € ; 104,98 € 
13.06.19; 100,00 € ; 103,41 € ; 104,33 € ; 105,19 € 
14.06.19; 100,00 € ; 103,49 € ; 104,45 € ; 105,31 € 
17.06.19; 100,00 € ; 103,46 € ; 104,40 € ; 105,21 € 
18.06.19; 100,00 € ; 104,12 € ; 105,07 € ; 106,06 € 
19.06.19; 100,00 € ; 103,97 € ; 104,89 € ; 105,84 € 
20.06.19; 100,00 € ; 104,59 € ; 105,63 € ; 106,65 € 
21.06.19; 100,00 € ; 104,28 € ; 105,33 € ; 106,42 € 
24.06.19; 100,00 € ; 104,19 € ; 105,30 € ; 106,31 € 
25.06.19; 100,00 € ; 104,26 € ; 105,36 € ; 106,33 € 
26.06.19; 100,00 € ; 104,04 € ; 105,16 € ; 106,14 € 
27.06.19; 100,00 € ; 104,04 € ; 105,15 € ; 106,15 € 
28.06.19; 100,00 € ; 104,30 € ; 105,39 € ; 106,41 € 
01.07.19; 100,00 € ; 104,73 € ; 105,81 € ; 107,03 € 
02.07.19; 100,00 € ; 104,85 € ; 105,94 € ; 107,20 € 
03.07.19; 100,00 € ; 105,37 € ; 106,49 € ; 107,80 € 
04.07.19; 100,00 € ; 105,56 € ; 106,74 € ; 108,17 € 
05.07.19; 100,00 € ; 105,12 € ; 106,32 € ; 107,80 € 
08.07.19; 100,00 € ; 105,16 € ; 106,35 € ; 107,76 € 
09.07.19; 100,00 € ; 105,00 € ; 106,24 € ; 107,65 € 
10.07.19; 100,00 € ; 105,04 € ; 106,35 € ; 107,87 € 
11.07.19; 100,00 € ; 104,92 € ; 106,18 € ; 107,68 € 
12.07.19; 100,00 € ; 104,92 € ; 106,20 € ; 107,77 € 
15.07.19; 100,00 € ; 105,07 € ; 106,33 € ; 107,89 € 
16.07.19; 100,00 € ; 105,15 € ; 106,46 € ; 108,11 € 
17.07.19; 100,00 € ; 105,11 € ; 106,41 € ; 107,98 € 
18.07.19; 100,00 € ; 105,09 € ; 106,35 € ; 107,80 € 
19.07.19; 100,00 € ; 105,26 € ; 106,48 € ; 107,96 € 
22.07.19; 100,00 € ; 105,21 € ; 106,41 € ; 107,84 € 
23.07.19; 100,00 € ; 105,44 € ; 106,68 € ; 108,21 € 
24.07.19; 100,00 € ; 105,67 € ; 106,92 € ; 108,50 € 
25.07.19; 100,00 € ; 105,39 € ; 106,66 € ; 108,19 € 
26.07.19; 100,00 € ; 105,60 € ; 106,95 € ; 108,60 € 
29.07.19; 100,00 € ; 105,50 € ; 106,87 € ; 108,47 € 
30.07.19; 100,00 € ; 105,26 € ; 106,67 € ; 108,18 € 
31.07.19; 100,00 € ; 105,45 € ; 106,85 € ; 108,33 € 
01.08.19; 100,00 € ; 105,51 € ; 107,12 € ; 108,67 € 
02.08.19; 100,00 € ; 104,60 € ; 106,07 € ; 106,96 € 
05.08.19; 100,00 € ; 103,86 € ; 105,26 € ; 105,63 € 
06.08.19; 100,00 € ; 103,93 € ; 105,34 € ; 105,65 € 
07.08.19; 100,00 € ; 104,25 € ; 105,71 € ; 106,00 € 
08.08.19; 100,00 € ; 104,46 € ; 106,11 € ; 106,80 € 
09.08.19; 100,00 € ; 104,44 € ; 105,99 € ; 106,52 € 
12.08.19; 100,00 € ; 104,23 € ; 105,74 € ; 106,08 € 
13.08.19; 100,00 € ; 104,40 € ; 105,97 € ; 106,42 € 
14.08.19; 100,00 € ; 104,41 € ; 105,89 € ; 106,13 € 
15.08.19; 100,00 € ; 104,70 € ; 106,16 € ; 106,29 € 
16.08.19; 100,00 € ; 104,74 € ; 106,22 € ; 106,49 € 
19.08.19; 100,00 € ; 104,75 € ; 106,22 € ; 106,58 € 
20.08.19; 100,00 € ; 104,75 € ; 106,28 € ; 106,58 € 
21.08.19; 100,00 € ; 104,79 € ; 106,34 € ; 106,69 € 
22.08.19; 100,00 € ; 104,67 € ; 106,22 € ; 106,58 € 
23.08.19; 100,00 € ; 104,56 € ; 106,14 € ; 106,42 € 
26.08.19; 100,00 € ; 104,65 € ; 106,22 € ; 106,51 € 
27.08.19; 100,00 € ; 104,90 € ; 106,52 € ; 106,80 € 
28.08.19; 100,00 € ; 105,00 € ; 106,63 € ; 106,90 € 
29.08.19; 100,00 € ; 105,08 € ; 106,72 € ; 107,10 € 
30.08.19; 100,00 € ; 105,19 € ; 106,84 € ; 107,28 € 
02.09.19; 100,00 € ; 105,20 € ; 106,90 € ; 107,40 € 
03.09.19; 100,00 € ; 105,34 € ; 107,07 € ; 107,53 € 
04.09.19; 100,00 € ; 105,46 € ; 107,22 € ; 107,80 € 
05.09.19; 100,00 € ; 105,32 € ; 106,99 € ; 107,78 € 
06.09.19; 100,00 € ; 105,51 € ; 107,18 € ; 107,97 € 
09.09.19; 100,00 € ; 105,28 € ; 106,90 € ; 107,72 € 
10.09.19; 100,00 € ; 104,98 € ; 106,57 € ; 107,36 € 
11.09.19; 100,00 € ; 105,40 € ; 107,04 € ; 108,11 € 
12.09.19; 100,00 € ; 105,42 € ; 107,04 € ; 108,13 € 
13.09.19; 100,00 € ; 105,12 € ; 106,75 € ; 108,02 € 
16.09.19; 100,00 € ; 105,17 € ; 106,84 € ; 108,09 € 
17.09.19; 100,00 € ; 105,07 € ; 106,75 € ; 107,89 € 
18.09.19; 100,00 € ; 105,16 € ; 106,83 € ; 107,89 € 
19.09.19; 100,00 € ; 105,36 € ; 107,01 € ; 108,14 € 
20.09.19; 100,00 € ; 105,47 € ; 107,16 € ; 108,34 € 
23.09.19; 100,00 € ; 105,54 € ; 107,25 € ; 108,29 € 
24.09.19; 100,00 € ; 105,42 € ; 107,10 € ; 107,99 € 
25.09.19; 100,00 € ; 105,22 € ; 106,86 € ; 107,72 € 
26.09.19; 100,00 € ; 105,34 € ; 106,99 € ; 107,92 € 
27.09.19; 100,00 € ; 105,40 € ; 107,01 € ; 107,93 € 
30.09.19; 100,00 € ; 105,24 € ; 106,71 € ; 107,53 € 
01.10.19; 100,00 € ; 104,99 € ; 106,46 € ; 107,03 € 
02.10.19; 100,00 € ; 104,31 € ; 105,82 € ; 106,16 € 
03.10.19; 100,00 € ; 104,30 € ; 105,90 € ; 106,36 € 
04.10.19; 100,00 € ; 104,84 € ; 106,45 € ; 107,04 € 
07.10.19; 100,00 € ; 104,86 € ; 106,39 € ; 106,95 € 
08.10.19; 100,00 € ; 104,55 € ; 106,10 € ; 106,48 € 
09.10.19; 100,00 € ; 104,57 € ; 106,18 € ; 106,70 € 
10.10.19; 100,00 € ; 104,59 € ; 106,19 € ; 106,90 € 
11.10.19; 100,00 € ; 104,91 € ; 106,49 € ; 107,51 € 
14.10.19; 100,00 € ; 104,84 € ; 106,42 € ; 107,35 € 
15.10.19; 100,00 € ; 104,94 € ; 106,50 € ; 107,55 € 
16.10.19; 100,00 € ; 104,88 € ; 106,48 € ; 107,54 € 
17.10.19; 100,00 € ; 104,78 € ; 106,36 € ; 107,37 € 
18.10.19; 100,00 € ; 104,53 € ; 106,06 € ; 106,96 € 
21.10.19; 100,00 € ; 104,52 € ; 106,07 € ; 107,11 € 
22.10.19; 100,00 € ; 104,68 € ; 106,25 € ; 107,27 € 
23.10.19; 100,00 € ; 104,83 € ; 106,41 € ; 107,38 € 
24.10.19; 100,00 € ; 105,06 € ; 106,73 € ; 107,89 € 
25.10.19; 100,00 € ; 105,18 € ; 106,91 € ; 108,21 € 
28.10.19; 100,00 € ; 105,12 € ; 106,83 € ; 108,27 € 
29.10.19; 100,00 € ; 105,02 € ; 106,73 € ; 108,11 € 
30.10.19; 100,00 € ; 104,93 € ; 106,59 € ; 107,83 € 
31.10.19; 100,00 € ; 105,09 € ; 106,74 € ; 107,81 € 
01.11.19; 100,00 € ; 105,40 € ; 107,13 € ; 108,50 € 
04.11.19; 100,00 € ; 105,76 € ; 107,60 € ; 109,26 € 
05.11.19; 100,00 € ; 105,79 € ; 107,63 € ; 109,49 € 
06.11.19; 100,00 € ; 105,86 € ; 107,72 € ; 109,57 € 
07.11.19; 100,00 € ; 105,84 € ; 107,73 € ; 109,82 € 
08.11.19; 100,00 € ; 105,74 € ; 107,59 € ; 109,56 € 
11.11.19; 100,00 € ; 105,34 € ; 107,12 € ; 108,95 € 
12.11.19; 100,00 € ; 105,44 € ; 107,21 € ; 109,08 € 
13.11.19; 100,00 € ; 105,28 € ; 107,04 € ; 108,71 € 
14.11.19; 100,00 € ; 105,32 € ; 107,10 € ; 108,67 € 
15.11.19; 100,00 € ; 105,43 € ; 107,20 € ; 108,85 € 
18.11.19; 100,00 € ; 105,46 € ; 107,16 € ; 108,74 € 
19.11.19; 100,00 € ; 105,53 € ; 107,28 € ; 108,87 € 
20.11.19; 100,00 € ; 105,52 € ; 107,30 € ; 108,88 € 
21.11.19; 100,00 € ; 105,19 € ; 106,96 € ; 108,43 € 
22.11.19; 100,00 € ; 105,46 € ; 107,20 € ; 108,71 € 
25.11.19; 100,00 € ; 105,94 € ; 107,68 € ; 109,42 € 
26.11.19; 100,00 € ; 105,93 € ; 107,65 € ; 109,36 € 
27.11.19; 100,00 € ; 106,13 € ; 107,86 € ; 109,67 € 
28.11.19; 100,00 € ; 106,11 € ; 107,86 € ; 109,69 € 
29.11.19; 100,00 € ; 105,81 € ; 107,55 € ; 109,23 € 
02.12.19; 100,00 € ; 105,11 € ; 106,81 € ; 108,29 € 
03.12.19; 100,00 € ; 105,07 € ; 106,72 € ; 107,88 € 
04.12.19; 100,00 € ; 105,42 € ; 107,16 € ; 108,73 € 
05.12.19; 100,00 € ; 105,32 € ; 107,07 € ; 108,64 € 
06.12.19; 100,00 € ; 105,78 € ; 107,54 € ; 109,39 € 
09.12.19; 100,00 € ; 105,74 € ; 107,47 € ; 109,23 € 
10.12.19; 100,00 € ; 105,62 € ; 107,35 € ; 109,05 € 
11.12.19; 100,00 € ; 105,76 € ; 107,53 € ; 109,29 € 
12.12.19; 100,00 € ; 105,91 € ; 107,75 € ; 109,74 € 
13.12.19; 100,00 € ; 106,24 € ; 108,05 € ; 110,03 € 
16.12.19; 100,00 € ; 106,54 € ; 108,36 € ; 110,61 € 
17.12.19; 100,00 € ; 106,51 € ; 108,34 € ; 110,54 € 
18.12.19; 100,00 € ; 106,63 € ; 108,55 € ; 110,96 € 
19.12.19; 100,00 € ; 106,72 € ; 108,67 € ; 111,13 € 
20.12.19; 100,00 € ; 107,13 € ; 109,15 € ; 111,86 € 
23.12.19; 100,00 € ; 107,10 € ; 109,13 € ; 111,81 € 
27.12.19; 100,00 € ; 107,10 € ; 109,13 € ; 111,81 € 
30.12.19; 100,00 € ; 106,89 € ; 108,91 € ; 111,61 € 
02.01.20; 100,00 € ; 107,23 € ; 109,37 € ; 112,32 € 
03.01.20; 100,00 € ; 107,28 € ; 109,46 € ; 112,30 € 
06.01.20; 100,00 € ; 107,07 € ; 109,30 € ; 111,98 € 
07.01.20; 100,00 € ; 107,30 € ; 109,63 € ; 112,52 € 
08.01.20; 100,00 € ; 107,29 € ; 109,64 € ; 112,62 € 
09.01.20; 100,00 € ; 107,69 € ; 110,12 € ; 113,38 € 
10.01.20; 100,00 € ; 107,63 € ; 110,12 € ; 113,55 € 
13.01.20; 100,00 € ; 107,91 € ; 110,32 € ; 113,67 € 
14.01.20; 100,00 € ; 107,88 € ; 110,27 € ; 113,66 € 
15.01.20; 100,00 € ; 107,82 € ; 110,23 € ; 113,54 € 
16.01.20; 100,00 € ; 108,16 € ; 110,54 € ; 113,84 € 
17.01.20; 100,00 € ; 108,42 € ; 110,93 € ; 114,56 € 
20.01.20; 100,00 € ; 108,42 € ; 110,95 € ; 114,58 € 
21.01.20; 100,00 € ; 108,07 € ; 110,51 € ; 113,83 € 
22.01.20; 100,00 € ; 108,17 € ; 110,58 € ; 113,89 € 
23.01.20; 100,00 € ; 107,86 € ; 110,28 € ; 113,41 € 
24.01.20; 100,00 € ; 108,23 € ; 110,71 € ; 113,95 € 
27.01.20; 100,00 € ; 107,05 € ; 109,38 € ; 111,80 € 
28.01.20; 100,00 € ; 107,47 € ; 109,81 € ; 112,34 € 
29.01.20; 100,00 € ; 107,50 € ; 109,86 € ; 112,49 € 
30.01.20; 100,00 € ; 107,14 € ; 109,41 € ; 111,66 € 
31.01.20; 100,00 € ; 106,76 € ; 108,88 € ; 110,69 € 
03.02.20; 100,00 € ; 106,86 € ; 109,00 € ; 110,93 € 
04.02.20; 100,00 € ; 107,39 € ; 109,53 € ; 111,83 € 
05.02.20; 100,00 € ; 107,47 € ; 109,68 € ; 112,29 € 
06.02.20; 100,00 € ; 107,69 € ; 109,95 € ; 112,67 € 
07.02.20; 100,00 € ; 107,76 € ; 110,01 € ; 112,59 € 
10.02.20; 100,00 € ; 107,98 € ; 110,23 € ; 112,76 € 
11.02.20; 100,00 € ; 108,16 € ; 110,40 € ; 113,12 € 
12.02.20; 100,00 € ; 108,37 € ; 110,68 € ; 113,59 € 
13.02.20; 100,00 € ; 108,49 € ; 110,85 € ; 113,83 € 
14.02.20; 100,00 € ; 108,47 € ; 110,85 € ; 113,84 € 
17.02.20; 100,00 € ; 108,62 € ; 110,98 € ; 113,97 € 
18.02.20; 100,00 € ; 108,58 € ; 110,98 € ; 113,85 € 
19.02.20; 100,00 € ; 108,88 € ; 111,36 € ; 114,50 € 
20.02.20; 100,00 € ; 108,59 € ; 111,04 € ; 113,94 € 
21.02.20; 100,00 € ; 108,50 € ; 111,00 € ; 113,82 € 
24.02.20; 100,00 € ; 107,54 € ; 110,01 € ; 112,14 € 
25.02.20; 100,00 € ; 107,22 € ; 109,59 € ; 111,36 € 
26.02.20; 100,00 € ; 106,90 € ; 109,23 € ; 111,00 € 
27.02.20; 100,00 € ; 105,76 € ; 108,04 € ; 109,24 € 
28.02.20; 100,00 € ; 105,51 € ; 107,43 € ; 108,10 € 
02.03.20; 100,00 € ; 105,65 € ; 107,57 € ; 108,19 € 
03.03.20; 100,00 € ; 106,09 € ; 108,15 € ; 108,82 € 
04.03.20; 100,00 € ; 106,13 € ; 108,19 € ; 108,83 € 
05.03.20; 100,00 € ; 106,08 € ; 108,22 € ; 108,98 € 
06.03.20; 100,00 € ; 106,44 € ; 108,44 € ; 108,89 € 
09.03.20; 100,00 € ; 106,49 € ; 108,42 € ; 108,76 € 
10.03.20; 100,00 € ; 105,90 € ; 107,97 € ; 108,70 € 
11.03.20; 100,00 € ; 105,63 € ; 107,68 € ; 108,48 € 
12.03.20; 100,00 € ; 104,46 € ; 106,54 € ; 107,81 € 
13.03.20; 100,00 € ; 103,90 € ; 105,82 € ; 107,05 € 
16.03.20; 100,00 € ; 103,96 € ; 105,72 € ; 106,71 € 
17.03.20; 100,00 € ; 104,17 € ; 106,16 € ; 107,38 € 
18.03.20; 100,00 € ; 104,07 € ; 105,95 € ; 107,06 € 
19.03.20; 100,00 € ; 104,11 € ; 106,02 € ; 107,17 € 
20.03.20; 100,00 € ; 104,16 € ; 106,13 € ; 107,34 € 
23.03.20; 100,00 € ; 104,44 € ; 106,71 € ; 108,23 € 
24.03.20; 100,00 € ; 104,73 € ; 107,29 € ; 109,12 € 
25.03.20; 100,00 € ; 104,55 € ; 106,92 € ; 108,55 € 
26.03.20; 100,00 € ; 104,60 € ; 107,03 € ; 108,72 € 
27.03.20; 100,00 € ; 104,53 € ; 106,88 € ; 108,48 € 
30.03.20; 100,00 € ; 104,55 € ; 106,93 € ; 108,56 € 
31.03.20; 100,00 € ; 104,48 € ; 106,78 € ; 108,33 € 
01.04.20; 100,00 € ; 104,42 € ; 106,65 € ; 108,13 € 
02.04.20; 100,00 € ; 104,55 € ; 106,93 € ; 108,57 € 
03.04.20; 100,00 € ; 104,65 € ; 107,13 € ; 108,88 € 
06.04.20; 100,00 € ; 104,74 € ; 107,31 € ; 109,15 € 
07.04.20; 100,00 € ; 104,69 € ; 107,22 € ; 109,00 € 
08.04.20; 100,00 € ; 104,72 € ; 107,28 € ; 109,10 € 
09.04.20; 100,00 € ; 104,77 € ; 107,37 € ; 109,24 € 
14.04.20; 100,00 € ; 104,96 € ; 107,78 € ; 109,87 € 
15.04.20; 100,00 € ; 104,91 € ; 107,68 € ; 109,71 € 
16.04.20; 100,00 € ; 104,96 € ; 107,78 € ; 109,87 € 
17.04.20; 100,00 € ; 104,85 € ; 107,54 € ; 109,51 € 
20.04.20; 100,00 € ; 104,86 € ; 107,56 € ; 109,53 € 
21.04.20; 100,00 € ; 104,81 € ; 107,47 € ; 109,40 € 
22.04.20; 100,00 € ; 104,97 € ; 107,79 € ; 109,89 € 
23.04.20; 100,00 € ; 105,05 € ; 107,92 € ; 110,08 € 
24.04.20; 100,00 € ; 105,04 € ; 107,88 € ; 110,03 € 
27.04.20; 100,00 € ; 105,00 € ; 107,77 € ; 109,86 € 
28.04.20; 100,00 € ; 105,20 € ; 107,90 € ; 110,06 € 
29.04.20; 100,00 € ; 105,84 € ; 108,45 € ; 110,91 € 
30.04.20; 100,00 € ; 105,23 € ; 107,78 € ; 109,87 € 
04.05.20; 100,00 € ; 103,97 € ; 106,64 € ; 108,12 € 
05.05.20; 100,00 € ; 104,90 € ; 107,61 € ; 109,62 € 
06.05.20; 100,00 € ; 104,65 € ; 107,36 € ; 109,23 € 
07.05.20; 100,00 € ; 105,16 € ; 107,93 € ; 110,11 € 
08.05.20; 100,00 € ; 105,56 € ; 108,32 € ; 110,70 € 
11.05.20; 100,00 € ; 105,55 € ; 108,32 € ; 110,70 € 
12.05.20; 100,00 € ; 105,70 € ; 108,45 € ; 110,90 € 
13.05.20; 100,00 € ; 105,06 € ; 107,83 € ; 109,95 € 
14.05.20; 100,00 € ; 104,68 € ; 107,59 € ; 109,58 € 
15.05.20; 100,00 € ; 104,69 € ; 107,70 € ; 109,74 € 
18.05.20; 100,00 € ; 105,80 € ; 108,58 € ; 111,09 € 
19.05.20; 100,00 € ; 105,73 € ; 108,54 € ; 111,04 € 
20.05.20; 100,00 € ; 106,00 € ; 108,77 € ; 111,40 € 
21.05.20; 100,00 € ; 105,38 € ; 108,07 € ; 110,32 € 
22.05.20; 100,00 € ; 105,32 € ; 108,11 € ; 110,38 € 
25.05.20; 100,00 € ; 105,92 € ; 108,67 € ; 111,23 € 
26.05.20; 100,00 € ; 106,01 € ; 108,55 € ; 111,06 € 
27.05.20; 100,00 € ; 105,86 € ; 108,36 € ; 110,77 € 
28.05.20; 100,00 € ; 106,16 € ; 108,67 € ; 111,24 € 
29.05.20; 100,00 € ; 105,69 € ; 108,14 € ; 110,43 € 
02.06.20; 100,00 € ; 106,83 € ; 109,44 € ; 112,42 € 
03.06.20; 100,00 € ; 107,31 € ; 109,85 € ; 113,05 € 
04.06.20; 100,00 € ; 106,85 € ; 109,28 € ; 112,17 € 
05.06.20; 100,00 € ; 107,76 € ; 110,24 € ; 113,66 € 
08.06.20; 100,00 € ; 107,66 € ; 110,21 € ; 113,60 € 
09.06.20; 100,00 € ; 107,35 € ; 109,88 € ; 113,10 € 
10.06.20; 100,00 € ; 107,34 € ; 109,81 € ; 112,99 € 
11.06.20; 100,00 € ; 106,01 € ; 108,39 € ; 110,81 € 
12.06.20; 100,00 € ; 106,41 € ; 108,89 € ; 111,58 € 
15.06.20; 100,00 € ; 106,00 € ; 108,31 € ; 110,69 € 
16.06.20; 100,00 € ; 107,01 € ; 109,49 € ; 112,49 € 
17.06.20; 100,00 € ; 107,30 € ; 109,79 € ; 112,96 € 
18.06.20; 100,00 € ; 107,23 € ; 109,74 € ; 112,88 € 
19.06.20; 100,00 € ; 107,65 € ; 110,27 € ; 113,70 € 
22.06.20; 100,00 € ; 107,41 € ; 110,03 € ; 113,32 € 
23.06.20; 100,00 € ; 107,77 € ; 110,42 € ; 113,93 € 
24.06.20; 100,00 € ; 107,00 € ; 109,61 € ; 112,68 € 
25.06.20; 100,00 € ; 107,18 € ; 109,81 € ; 112,98 € 
26.06.20; 100,00 € ; 107,02 € ; 109,68 € ; 112,79 € 
29.06.20; 100,00 € ; 107,06 € ; 109,72 € ; 112,85 € 
30.06.20; 100,00 € ; 107,19 € ; 109,87 € ; 113,08 € 
01.07.20; 100,00 € ; 107,31 € ; 109,96 € ; 113,22 € 
02.07.20; 100,00 € ; 108,21 € ; 110,92 € ; 114,69 € 
03.07.20; 100,00 € ; 108,47 € ; 110,94 € ; 114,73 € 
06.07.20; 100,00 € ; 109,01 € ; 111,80 € ; 116,05 € 
07.07.20; 100,00 € ; 108,90 € ; 111,75 € ; 115,97 € 
08.07.20; 100,00 € ; 108,79 € ; 111,64 € ; 115,80 € 
09.07.20; 100,00 € ; 108,79 € ; 111,64 € ; 115,80 € 
10.07.20; 100,00 € ; 108,93 € ; 111,78 € ; 116,02 € 
13.07.20; 100,00 € ; 109,37 € ; 112,28 € ; 116,79 € 
14.07.20; 100,00 € ; 108,47 € ; 111,22 € ; 115,15 € 
15.07.20; 100,00 € ; 108,91 € ; 111,70 € ; 115,90 € 
16.07.20; 100,00 € ; 108,39 € ; 111,05 € ; 114,90 € 
17.07.20; 100,00 € ; 108,62 € ; 111,34 € ; 115,34 € 
20.07.20; 100,00 € ; 108,97 € ; 111,72 € ; 115,93 € 
21.07.20; 100,00 € ; 109,38 € ; 112,24 € ; 116,72 € 
22.07.20; 100,00 € ; 108,89 € ; 111,76 € ; 115,99 € 
23.07.20; 100,00 € ; 109,09 € ; 112,08 € ; 116,47 € 
24.07.20; 100,00 € ; 108,44 € ; 111,24 € ; 115,19 € 
27.07.20; 100,00 € ; 108,36 € ; 111,20 € ; 115,13 € 
28.07.20; 100,00 € ; 108,56 € ; 111,50 € ; 115,59 € 
29.07.20; 100,00 € ; 108,45 € ; 111,36 € ; 115,38 € 
30.07.20; 100,00 € ; 108,18 € ; 110,99 € ; 114,80 € 
31.07.20; 100,00 € ; 108,12 € ; 110,98 € ; 114,79 € 
03.08.20; 100,00 € ; 108,43 € ; 111,40 € ; 115,43 € 
04.08.20; 100,00 € ; 108,54 € ; 111,59 € ; 115,73 € 
05.08.20; 100,00 € ; 108,65 € ; 111,77 € ; 116,00 € 
06.08.20; 100,00 € ; 108,75 € ; 111,96 € ; 116,29 € 
07.08.20; 100,00 € ; 108,82 € ; 111,99 € ; 116,34 € 
10.08.20; 100,00 € ; 108,90 € ; 112,12 € ; 116,55 € 
11.08.20; 100,00 € ; 108,67 € ; 111,57 € ; 115,69 € 
12.08.20; 100,00 € ; 108,66 € ; 111,58 € ; 115,71 € 
13.08.20; 100,00 € ; 108,61 € ; 111,55 € ; 115,66 € 
14.08.20; 100,00 € ; 108,52 € ; 111,39 € ; 115,42 € 
17.08.20; 100,00 € ; 108,69 € ; 111,71 € ; 115,91 € 
18.08.20; 100,00 € ; 108,69 € ; 111,71 € ; 115,91 € 
19.08.20; 100,00 € ; 108,74 € ; 111,75 € ; 115,98 € 
20.08.20; 100,00 € ; 108,54 € ; 111,54 € ; 115,76 € 
21.08.20; 100,00 € ; 108,87 € ; 111,98 € ; 116,45 € 
24.08.20; 100,00 € ; 108,92 € ; 112,03 € ; 116,49 € 
25.08.20; 100,00 € ; 108,96 € ; 112,07 € ; 116,63 € 
26.08.20; 100,00 € ; 109,55 € ; 112,81 € ; 117,72 € 
27.08.20; 100,00 € ; 109,53 € ; 112,89 € ; 118,00 € 
28.08.20; 100,00 € ; 109,43 € ; 112,74 € ; 117,69 € 
31.08.20; 100,00 € ; 109,09 € ; 112,39 € ; 117,32 € 
01.09.20; 100,00 € ; 109,65 € ; 113,03 € ; 118,12 € 
02.09.20; 100,00 € ; 110,02 € ; 113,43 € ; 118,71 € 
03.09.20; 100,00 € ; 109,09 € ; 112,27 € ; 116,82 € 
04.09.20; 100,00 € ; 108,28 € ; 111,21 € ; 115,04 € 
07.09.20; 100,00 € ; 108,64 € ; 111,69 € ; 115,97 € 
08.09.20; 100,00 € ; 108,19 € ; 111,06 € ; 114,79 € 
09.09.20; 100,00 € ; 108,59 € ; 111,59 € ; 115,74 € 
10.09.20; 100,00 € ; 108,38 € ; 111,40 € ; 115,56 € 
11.09.20; 100,00 € ; 108,23 € ; 111,06 € ; 114,84 € 
14.09.20; 100,00 € ; 108,55 € ; 111,48 € ; 115,52 € 
15.09.20; 100,00 € ; 108,84 € ; 111,88 € ; 116,28 € 
16.09.20; 100,00 € ; 108,96 € ; 112,01 € ; 116,47 € 
17.09.20; 100,00 € ; 108,58 € ; 111,44 € ; 115,42 € 
18.09.20; 100,00 € ; 108,46 € ; 111,24 € ; 115,10 € 
21.09.20; 100,00 € ; 107,89 € ; 110,58 € ; 114,16 € 
22.09.20; 100,00 € ; 108,03 € ; 110,97 € ; 114,90 € 
23.09.20; 100,00 € ; 108,09 € ; 111,03 € ; 115,05 € 
24.09.20; 100,00 € ; 107,93 € ; 110,81 € ; 114,69 € 
25.09.20; 100,00 € ; 108,06 € ; 111,05 € ; 115,10 € 
28.09.20; 100,00 € ; 108,33 € ; 111,55 € ; 115,99 € 
29.09.20; 100,00 € ; 108,35 € ; 111,55 € ; 115,93 € 
30.09.20; 100,00 € ; 108,27 € ; 111,65 € ; 116,27 € 
01.10.20; 100,00 € ; 108,48 € ; 111,92 € ; 116,66 € 
02.10.20; 100,00 € ; 108,40 € ; 111,69 € ; 116,26 € 
05.10.20; 100,00 € ; 108,31 € ; 111,61 € ; 116,23 € 
06.10.20; 100,00 € ; 108,39 € ; 111,68 € ; 116,25 € 
07.10.20; 100,00 € ; 108,47 € ; 111,82 € ; 116,48 € 
08.10.20; 100,00 € ; 108,67 € ; 112,15 € ; 117,02 € 
09.10.20; 100,00 € ; 109,01 € ; 112,59 € ; 117,60 € 
12.10.20; 100,00 € ; 109,51 € ; 113,35 € ; 118,80 € 
13.10.20; 100,00 € ; 109,62 € ; 113,57 € ; 119,14 € 
14.10.20; 100,00 € ; 109,66 € ; 113,55 € ; 119,01 € 
15.10.20; 100,00 € ; 109,16 € ; 112,87 € ; 118,04 € 
16.10.20; 100,00 € ; 109,55 € ; 113,37 € ; 118,68 € 
19.10.20; 100,00 € ; 109,17 € ; 112,79 € ; 117,84 € 
20.10.20; 100,00 € ; 108,69 € ; 112,15 € ; 116,84 € 
21.10.20; 100,00 € ; 108,48 € ; 111,94 € ; 116,59 € 
22.10.20; 100,00 € ; 108,29 € ; 111,71 € ; 116,26 € 
23.10.20; 100,00 € ; 108,26 € ; 111,66 € ; 116,17 € 
26.10.20; 100,00 € ; 107,77 € ; 111,10 € ; 115,41 € 
27.10.20; 100,00 € ; 108,06 € ; 111,46 € ; 115,84 € 
28.10.20; 100,00 € ; 107,31 € ; 110,55 € ; 114,44 € 
29.10.20; 100,00 € ; 107,67 € ; 111,08 € ; 115,23 € 
30.10.20; 100,00 € ; 107,37 € ; 110,60 € ; 114,53 € 
02.11.20; 100,00 € ; 107,91 € ; 111,21 € ; 115,30 € 
03.11.20; 100,00 € ; 108,06 € ; 111,49 € ; 115,92 € 
04.11.20; 100,00 € ; 109,31 € ; 113,24 € ; 118,45 € 
05.11.20; 100,00 € ; 109,72 € ; 113,81 € ; 119,34 € 
06.11.20; 100,00 € ; 109,48 € ; 113,47 € ; 118,87 € 
09.11.20; 100,00 € ; 109,99 € ; 114,05 € ; 119,69 € 
10.11.20; 100,00 € ; 108,97 € ; 112,40 € ; 117,17 € 
11.11.20; 100,00 € ; 109,52 € ; 113,13 € ; 118,25 € 
12.11.20; 100,00 € ; 109,53 € ; 113,21 € ; 118,37 € 
13.11.20; 100,00 € ; 109,43 € ; 113,05 € ; 118,11 € 
16.11.20; 100,00 € ; 109,93 € ; 113,65 € ; 118,83 € 
17.11.20; 100,00 € ; 109,62 € ; 113,29 € ; 118,35 € 
18.11.20; 100,00 € ; 109,75 € ; 113,36 € ; 118,35 € 
19.11.20; 100,00 € ; 109,57 € ; 113,20 € ; 118,19 € 
20.11.20; 100,00 € ; 109,92 € ; 113,57 € ; 118,69 € 
23.11.20; 100,00 € ; 109,74 € ; 113,27 € ; 118,15 € 
24.11.20; 100,00 € ; 109,77 € ; 113,31 € ; 118,21 € 
25.11.20; 100,00 € ; 109,57 € ; 113,15 € ; 118,09 € 
26.11.20; 100,00 € ; 109,89 € ; 113,54 € ; 118,62 € 
27.11.20; 100,00 € ; 109,92 € ; 113,58 € ; 118,78 € 
30.11.20; 100,00 € ; 109,12 € ; 112,67 € ; 117,63 € 
01.12.20; 100,00 € ; 109,60 € ; 113,31 € ; 118,52 € 
02.12.20; 100,00 € ; 109,16 € ; 112,77 € ; 117,77 € 
03.12.20; 100,00 € ; 109,44 € ; 113,05 € ; 118,00 € 
04.12.20; 100,00 € ; 109,63 € ; 113,26 € ; 118,31 € 
07.12.20; 100,00 € ; 110,07 € ; 113,80 € ; 119,00 € 
08.12.20; 100,00 € ; 110,28 € ; 113,97 € ; 119,21 € 
09.12.20; 100,00 € ; 110,19 € ; 113,91 € ; 119,24 € 
10.12.20; 100,00 € ; 110,02 € ; 113,62 € ; 118,67 € 
11.12.20; 100,00 € ; 109,77 € ; 113,31 € ; 118,14 € 
14.12.20; 100,00 € ; 109,90 € ; 113,52 € ; 118,65 € 
15.12.20; 100,00 € ; 110,05 € ; 113,66 € ; 118,75 € 
16.12.20; 100,00 € ; 110,33 € ; 113,98 € ; 119,33 € 
17.12.20; 100,00 € ; 110,68 € ; 114,41 € ; 119,92 € 
18.12.20; 100,00 € ; 110,68 € ; 114,39 € ; 119,89 € 
21.12.20; 100,00 € ; 109,81 € ; 113,55 € ; 118,89 € 
22.12.20; 100,00 € ; 110,17 € ; 113,90 € ; 119,41 € 
23.12.20; 100,00 € ; 110,47 € ; 114,27 € ; 119,93 € 
28.12.20; 100,00 € ; 110,93 € ; 114,76 € ; 120,51 € 
29.12.20; 100,00 € ; 111,01 € ; 114,80 € ; 120,52 € 
30.12.20; 100,00 € ; 110,94 € ; 114,65 € ; 120,30 € 
04.01.21; 100,00 € ; 111,39 € ; 115,15 € ; 120,78 € 
05.01.21; 100,00 € ; 111,45 € ; 115,27 € ; 121,02 € 
06.01.21; 100,00 € ; 111,60 € ; 115,41 € ; 121,32 € 
07.01.21; 100,00 € ; 112,12 € ; 116,11 € ; 122,38 € 
08.01.21; 100,00 € ; 112,54 € ; 116,57 € ; 123,15 € 
11.01.21; 100,00 € ; 112,57 € ; 116,72 € ; 123,45 € 
12.01.21; 100,00 € ; 112,68 € ; 116,84 € ; 123,56 € 
13.01.21; 100,00 € ; 112,98 € ; 117,16 € ; 123,89 € 
14.01.21; 100,00 € ; 113,35 € ; 117,54 € ; 124,33 € 
15.01.21; 100,00 € ; 112,66 € ; 116,75 € ; 123,24 € 
18.01.21; 100,00 € ; 112,79 € ; 116,88 € ; 123,46 € 
19.01.21; 100,00 € ; 112,76 € ; 116,80 € ; 123,30 € 
20.01.21; 100,00 € ; 113,88 € ; 118,27 € ; 125,45 € 
21.01.21; 100,00 € ; 113,67 € ; 118,03 € ; 125,32 € 
22.01.21; 100,00 € ; 113,16 € ; 117,41 € ; 124,59 € 
25.01.21; 100,00 € ; 113,36 € ; 117,68 € ; 124,89 € 
26.01.21; 100,00 € ; 113,34 € ; 117,67 € ; 124,90 € 
27.01.21; 100,00 € ; 112,42 € ; 116,58 € ; 123,35 € 
28.01.21; 100,00 € ; 112,28 € ; 116,42 € ; 123,11 € 
29.01.21; 100,00 € ; 111,28 € ; 115,23 € ; 121,48 € 
01.02.21; 100,00 € ; 112,48 € ; 116,58 € ; 123,36 € 
02.02.21; 100,00 € ; 113,62 € ; 117,96 € ; 125,46 € 
03.02.21; 100,00 € ; 113,88 € ; 118,26 € ; 125,83 € 
04.02.21; 100,00 € ; 113,94 € ; 118,37 € ; 126,05 € 
05.02.21; 100,00 € ; 114,17 € ; 118,69 € ; 126,53 € 
08.02.21; 100,00 € ; 114,64 € ; 119,19 € ; 127,21 € 
09.02.21; 100,00 € ; 114,68 € ; 119,30 € ; 127,35 € 
10.02.21; 100,00 € ; 114,44 € ; 119,05 € ; 126,93 € 
11.02.21; 100,00 € ; 115,06 € ; 119,65 € ; 127,78 € 
12.02.21; 100,00 € ; 115,18 € ; 119,75 € ; 128,01 € 
15.02.21; 100,00 € ; 115,65 € ; 120,24 € ; 128,86 € 
16.02.21; 100,00 € ; 115,28 € ; 119,81 € ; 128,30 € 
17.02.21; 100,00 € ; 114,88 € ; 119,27 € ; 127,36 € 
18.02.21; 100,00 € ; 114,22 € ; 118,63 € ; 126,62 € 
19.02.21; 100,00 € ; 114,61 € ; 119,09 € ; 127,31 € 
22.02.21; 100,00 € ; 113,46 € ; 117,70 € ; 125,26 € 
23.02.21; 100,00 € ; 112,40 € ; 116,52 € ; 123,44 € 
24.02.21; 100,00 € ; 112,57 € ; 116,74 € ; 123,82 € 
25.02.21; 100,00 € ; 111,78 € ; 115,71 € ; 122,48 € 
26.02.21; 100,00 € ; 111,02 € ; 115,04 € ; 121,72 € 
01.03.21; 100,00 € ; 112,29 € ; 116,60 € ; 123,75 € 
02.03.21; 100,00 € ; 112,08 € ; 116,26 € ; 123,23 € 
03.03.21; 100,00 € ; 111,79 € ; 115,68 € ; 122,30 € 
04.03.21; 100,00 € ; 111,39 € ; 115,05 € ; 121,13 € 
05.03.21; 100,00 € ; 110,87 € ; 114,64 € ; 120,74 € 
08.03.21; 100,00 € ; 111,37 € ; 115,20 € ; 121,39 € 
09.03.21; 100,00 € ; 111,78 € ; 115,61 € ; 121,84 € 
10.03.21; 100,00 € ; 111,90 € ; 115,71 € ; 121,94 € 
11.03.21; 100,00 € ; 112,12 € ; 115,93 € ; 122,16 € 
12.03.21; 100,00 € ; 111,86 € ; 115,71 € ; 122,00 € 
15.03.21; 100,00 € ; 112,10 € ; 115,95 € ; 122,23 € 
16.03.21; 100,00 € ; 112,42 € ; 116,27 € ; 122,60 € 
17.03.21; 100,00 € ; 112,10 € ; 116,00 € ; 122,39 € 
18.03.21; 100,00 € ; 112,09 € ; 115,96 € ; 122,36 € 
19.03.21; 100,00 € ; 112,08 € ; 115,97 € ; 122,38 € 
22.03.21; 100,00 € ; 112,12 € ; 115,99 € ; 122,35 € 
23.03.21; 100,00 € ; 112,11 € ; 115,96 € ; 122,25 € 
24.03.21; 100,00 € ; 112,06 € ; 115,92 € ; 122,21 € 
25.03.21; 100,00 € ; 112,03 € ; 115,87 € ; 122,11 € 
26.03.21; 100,00 € ; 112,33 € ; 116,16 € ; 122,48 € 
29.03.21; 100,00 € ; 112,35 € ; 116,16 € ; 122,50 € 
30.03.21; 100,00 € ; 112,40 € ; 116,22 € ; 122,58 € 
31.03.21; 100,00 € ; 112,64 € ; 116,50 € ; 122,87 € 
01.04.21; 100,00 € ; 112,98 € ; 116,86 € ; 123,28 € 
06.04.21; 100,00 € ; 113,13 € ; 117,00 € ; 123,43 € 
07.04.21; 100,00 € ; 112,83 € ; 116,68 € ; 123,04 € 
08.04.21; 100,00 € ; 113,08 € ; 116,87 € ; 123,22 € 
09.04.21; 100,00 € ; 112,97 € ; 116,75 € ; 123,14 € 
12.04.21; 100,00 € ; 112,69 € ; 116,47 € ; 122,82 € 
13.04.21; 100,00 € ; 112,77 € ; 116,56 € ; 122,91 € 
14.04.21; 100,00 € ; 112,79 € ; 116,53 € ; 122,85 € 
15.04.21; 100,00 € ; 113,15 € ; 116,94 € ; 123,27 € 
16.04.21; 100,00 € ; 113,34 € ; 117,11 € ; 123,50 € 
19.04.21; 100,00 € ; 113,13 € ; 116,86 € ; 123,23 € 
20.04.21; 100,00 € ; 112,71 € ; 116,56 € ; 122,88 € 
21.04.21; 100,00 € ; 113,05 € ; 116,90 € ; 123,26 € 
22.04.21; 100,00 € ; 113,17 € ; 117,00 € ; 123,38 € 
23.04.21; 100,00 € ; 113,01 € ; 116,83 € ; 123,17 € 
26.04.21; 100,00 € ; 113,14 € ; 116,93 € ; 123,29 € 
27.04.21; 100,00 € ; 113,17 € ; 116,94 € ; 123,33 € 
28.04.21; 100,00 € ; 113,07 € ; 116,89 € ; 123,30 € 
29.04.21; 100,00 € ; 112,82 € ; 116,66 € ; 123,07 € 
30.04.21; 100,00 € ; 113,01 € ; 116,80 € ; 123,20 € 
03.05.21; 100,00 € ; 113,11 € ; 116,96 € ; 123,39 € 
04.05.21; 100,00 € ; 112,56 € ; 116,61 € ; 122,96 € 
05.05.21; 100,00 € ; 113,13 € ; 117,08 € ; 123,50 € 
06.05.21; 100,00 € ; 113,03 € ; 117,17 € ; 123,60 € 
07.05.21; 100,00 € ; 113,53 € ; 117,49 € ; 123,96 € 
10.05.21; 100,00 € ; 113,30 € ; 117,41 € ; 123,91 € 
11.05.21; 100,00 € ; 112,21 € ; 116,06 € ; 121,90 € 
12.05.21; 100,00 € ; 111,71 € ; 115,40 € ; 120,96 € 
13.05.21; 100,00 € ; 111,65 € ; 115,36 € ; 120,93 € 
14.05.21; 100,00 € ; 112,05 € ; 115,70 € ; 121,34 € 
17.05.21; 100,00 € ; 112,09 € ; 115,76 € ; 121,42 € 
18.05.21; 100,00 € ; 112,19 € ; 115,84 € ; 121,51 € 
19.05.21; 100,00 € ; 111,81 € ; 115,54 € ; 121,18 € 
20.05.21; 100,00 € ; 112,18 € ; 115,84 € ; 121,49 € 
21.05.21; 100,00 € ; 112,31 € ; 115,87 € ; 121,53 € 
25.05.21; 100,00 € ; 112,61 € ; 116,11 € ; 121,73 € 
26.05.21; 100,00 € ; 112,94 € ; 116,42 € ; 122,03 € 
27.05.21; 100,00 € ; 113,04 € ; 116,55 € ; 122,23 € 
28.05.21; 100,00 € ; 113,32 € ; 116,73 € ; 122,41 € 
31.05.21; 100,00 € ; 113,24 € ; 116,68 € ; 122,34 € 
01.06.21; 100,00 € ; 113,52 € ; 116,83 € ; 122,53 € 
02.06.21; 100,00 € ; 113,79 € ; 117,13 € ; 122,85 € 
03.06.21; 100,00 € ; 113,72 € ; 117,05 € ; 122,77 € 
04.06.21; 100,00 € ; 114,07 € ; 117,32 € ; 123,02 € 
07.06.21; 100,00 € ; 114,02 € ; 117,29 € ; 122,99 € 
08.06.21; 100,00 € ; 114,10 € ; 117,34 € ; 123,04 € 
09.06.21; 100,00 € ; 114,09 € ; 117,37 € ; 123,02 € 
10.06.21; 100,00 € ; 114,18 € ; 117,46 € ; 123,14 € 
11.06.21; 100,00 € ; 114,47 € ; 117,61 € ; 123,23 € 
14.06.21; 100,00 € ; 114,39 € ; 117,54 € ; 123,19 € 
15.06.21; 100,00 € ; 114,15 € ; 117,29 € ; 122,92 € 
16.06.21; 100,00 € ; 114,32 € ; 117,44 € ; 123,06 € 
17.06.21; 100,00 € ; 114,12 € ; 117,20 € ; 122,77 € 
18.06.21; 100,00 € ; 113,56 € ; 116,72 € ; 121,99 € 
21.06.21; 100,00 € ; 113,81 € ; 116,94 € ; 122,37 € 
22.06.21; 100,00 € ; 113,90 € ; 117,06 € ; 122,66 € 
23.06.21; 100,00 € ; 113,99 € ; 117,23 € ; 122,86 € 
24.06.21; 100,00 € ; 114,56 € ; 117,79 € ; 123,68 € 
25.06.21; 100,00 € ; 114,75 € ; 118,00 € ; 124,06 € 
28.06.21; 100,00 € ; 114,72 € ; 118,00 € ; 123,94 € 
29.06.21; 100,00 € ; 114,91 € ; 118,13 € ; 124,17 € 
30.06.21; 100,00 € ; 114,91 € ; 118,30 € ; 124,33 € 
01.07.21; 100,00 € ; 114,89 € ; 118,22 € ; 124,31 € 
02.07.21; 100,00 € ; 115,11 € ; 118,52 € ; 124,68 € 
05.07.21; 100,00 € ; 115,11 € ; 118,51 € ; 124,76 € 
06.07.21; 100,00 € ; 114,77 € ; 118,13 € ; 124,10 € 
07.07.21; 100,00 € ; 115,12 € ; 118,48 € ; 124,53 € 
08.07.21; 100,00 € ; 113,89 € ; 117,20 € ; 122,74 € 
09.07.21; 100,00 € ; 114,63 € ; 118,01 € ; 124,00 € 
12.07.21; 100,00 € ; 114,93 € ; 118,33 € ; 124,53 € 
13.07.21; 100,00 € ; 115,12 € ; 118,57 € ; 124,86 € 
14.07.21; 100,00 € ; 115,17 € ; 118,61 € ; 124,80 € 
15.07.21; 100,00 € ; 114,96 € ; 118,44 € ; 124,57 € 
16.07.21; 100,00 € ; 114,63 € ; 118,02 € ; 123,89 € 
19.07.21; 100,00 € ; 113,46 € ; 116,77 € ; 121,98 € 
20.07.21; 100,00 € ; 114,15 € ; 117,65 € ; 123,30 € 
21.07.21; 100,00 € ; 114,65 € ; 118,05 € ; 124,02 € 
22.07.21; 100,00 € ; 115,05 € ; 118,45 € ; 124,51 € 
23.07.21; 100,00 € ; 115,48 € ; 118,90 € ; 125,21 € 
26.07.21; 100,00 € ; 115,51 € ; 118,89 € ; 125,23 € 
27.07.21; 100,00 € ; 114,84 € ; 118,09 € ; 124,00 € 
28.07.21; 100,00 € ; 115,28 € ; 118,57 € ; 124,73 € 
29.07.21; 100,00 € ; 115,68 € ; 119,04 € ; 125,39 € 
30.07.21; 100,00 € ; 115,37 € ; 118,63 € ; 124,78 € 
02.08.21; 100,00 € ; 115,77 € ; 119,03 € ; 125,31 € 
03.08.21; 100,00 € ; 115,70 € ; 118,90 € ; 125,14 € 
04.08.21; 100,00 € ; 116,06 € ; 119,35 € ; 125,83 € 
05.08.21; 100,00 € ; 116,33 € ; 119,63 € ; 126,29 € 
06.08.21; 100,00 € ; 116,31 € ; 119,67 € ; 126,50 € 
09.08.21; 100,00 € ; 116,27 € ; 119,56 € ; 126,46 € 
10.08.21; 100,00 € ; 116,56 € ; 119,92 € ; 127,03 € 
11.08.21; 100,00 € ; 116,58 € ; 119,88 € ; 126,94 € 
12.08.21; 100,00 € ; 116,79 € ; 120,13 € ; 127,27 € 
13.08.21; 100,00 € ; 116,85 € ; 120,12 € ; 127,13 € 
16.08.21; 100,00 € ; 116,57 € ; 119,82 € ; 126,62 € 
17.08.21; 100,00 € ; 116,57 € ; 119,83 € ; 126,63 € 
18.08.21; 100,00 € ; 116,69 € ; 119,93 € ; 126,76 € 
19.08.21; 100,00 € ; 115,70 € ; 118,88 € ; 125,15 € 
20.08.21; 100,00 € ; 116,08 € ; 119,24 € ; 125,63 € 
23.08.21; 100,00 € ; 116,70 € ; 119,95 € ; 126,73 € 
24.08.21; 100,00 € ; 116,93 € ; 120,28 € ; 127,21 € 
25.08.21; 100,00 € ; 117,01 € ; 120,40 € ; 127,54 € 
26.08.21; 100,00 € ; 116,69 € ; 120,07 € ; 127,09 € 
27.08.21; 100,00 € ; 117,28 € ; 120,69 € ; 127,88 € 
30.08.21; 100,00 € ; 117,45 € ; 120,89 € ; 128,15 € 
31.08.21; 100,00 € ; 117,45 € ; 120,89 € ; 128,10 € 
01.09.21; 100,00 € ; 117,56 € ; 120,88 € ; 128,06 € 
02.09.21; 100,00 € ; 117,75 € ; 121,12 € ; 128,42 € 
03.09.21; 100,00 € ; 117,72 € ; 121,09 € ; 128,33 € 
06.09.21; 100,00 € ; 118,08 € ; 121,44 € ; 128,90 € 
07.09.21; 100,00 € ; 117,69 € ; 121,06 € ; 128,49 € 
08.09.21; 100,00 € ; 117,27 € ; 120,64 € ; 127,83 € 
09.09.21; 100,00 € ; 117,55 € ; 121,01 € ; 128,28 € 
10.09.21; 100,00 € ; 117,44 € ; 120,89 € ; 128,16 € 
13.09.21; 100,00 € ; 117,50 € ; 120,88 € ; 128,04 € 
14.09.21; 100,00 € ; 117,53 € ; 120,94 € ; 128,08 € 
15.09.21; 100,00 € ; 117,35 € ; 120,80 € ; 127,91 € 
16.09.21; 100,00 € ; 117,43 € ; 120,86 € ; 128,11 € 
17.09.21; 100,00 € ; 117,14 € ; 120,61 € ; 127,74 € 
20.09.21; 100,00 € ; 116,07 € ; 119,50 € ; 125,98 € 
21.09.21; 100,00 € ; 116,58 € ; 120,03 € ; 126,74 € 
22.09.21; 100,00 € ; 117,09 € ; 120,60 € ; 127,56 € 
23.09.21; 100,00 € ; 117,41 € ; 120,96 € ; 128,35 € 
24.09.21; 100,00 € ; 117,13 € ; 120,75 € ; 128,15 € 
27.09.21; 100,00 € ; 117,21 € ; 121,01 € ; 128,60 € 
28.09.21; 100,00 € ; 116,03 € ; 119,77 € ; 126,81 € 
29.09.21; 100,00 € ; 116,30 € ; 120,02 € ; 127,10 € 
30.09.21; 100,00 € ; 116,53 € ; 120,30 € ; 127,45 € 
01.10.21; 100,00 € ; 116,44 € ; 120,04 € ; 126,97 € 
04.10.21; 100,00 € ; 115,90 € ; 119,49 € ; 126,16 € 
05.10.21; 100,00 € ; 116,70 € ; 120,45 € ; 127,67 € 
06.10.21; 100,00 € ; 116,24 € ; 119,95 € ; 126,95 € 
07.10.21; 100,00 € ; 117,20 € ; 121,03 € ; 128,64 € 
08.10.21; 100,00 € ; 116,88 € ; 120,71 € ; 128,25 € 
11.10.21; 100,00 € ; 117,06 € ; 120,92 € ; 128,58 € 
12.10.21; 100,00 € ; 117,01 € ; 120,73 € ; 128,20 € 
13.10.21; 100,00 € ; 117,48 € ; 121,08 € ; 128,50 € 
14.10.21; 100,00 € ; 118,19 € ; 121,86 € ; 129,66 € 
15.10.21; 100,00 € ; 118,43 € ; 122,17 € ; 130,28 € 
18.10.21; 100,00 € ; 118,25 € ; 122,09 € ; 130,26 € 
19.10.21; 100,00 € ; 118,39 € ; 122,24 € ; 130,58 € 
20.10.21; 100,00 € ; 118,44 € ; 122,27 € ; 130,63 € 
21.10.21; 100,00 € ; 118,08 € ; 121,91 € ; 130,23 € 
22.10.21; 100,00 € ; 118,23 € ; 122,09 € ; 130,55 € 
25.10.21; 100,00 € ; 118,82 € ; 122,85 € ; 131,58 € 
26.10.21; 100,00 € ; 119,21 € ; 123,25 € ; 132,22 € 
27.10.21; 100,00 € ; 118,96 € ; 122,91 € ; 131,57 € 
28.10.21; 100,00 € ; 118,68 € ; 122,58 € ; 131,17 € 
29.10.21; 100,00 € ; 119,08 € ; 123,07 € ; 131,97 € 
01.11.21; 100,00 € ; 119,36 € ; 123,39 € ; 132,51 € 
02.11.21; 100,00 € ; 119,61 € ; 123,56 € ; 132,65 € 
03.11.21; 100,00 € ; 119,46 € ; 123,32 € ; 132,35 € 
04.11.21; 100,00 € ; 120,15 € ; 124,16 € ; 133,41 € 
05.11.21; 100,00 € ; 120,72 € ; 124,79 € ; 134,13 € 
08.11.21; 100,00 € ; 120,89 € ; 125,00 € ; 134,41 € 
09.11.21; 100,00 € ; 120,58 € ; 124,56 € ; 133,58 € 
10.11.21; 100,00 € ; 120,88 € ; 125,01 € ; 134,27 € 
11.11.21; 100,00 € ; 121,15 € ; 125,32 € ; 134,75 € 
12.11.21; 100,00 € ; 121,44 € ; 125,57 € ; 135,09 € 
15.11.21; 100,00 € ; 121,60 € ; 125,77 € ; 135,43 € 
16.11.21; 100,00 € ; 121,91 € ; 126,20 € ; 136,16 € 
17.11.21; 100,00 € ; 121,85 € ; 126,23 € ; 136,24 € 
18.11.21; 100,00 € ; 121,40 € ; 125,73 € ; 135,50 € 
19.11.21; 100,00 € ; 121,56 € ; 125,91 € ; 135,66 € 
22.11.21; 100,00 € ; 121,49 € ; 125,95 € ; 135,98 € 
23.11.21; 100,00 € ; 120,39 € ; 124,81 € ; 134,45 € 
24.11.21; 100,00 € ; 120,87 € ; 125,41 € ; 135,34 € 
25.11.21; 100,00 € ; 121,08 € ; 125,61 € ; 135,60 € 
26.11.21; 100,00 € ; 118,46 € ; 122,80 € ; 131,51 € 
29.11.21; 100,00 € ; 119,13 € ; 123,53 € ; 132,61 € 
30.11.21; 100,00 € ; 118,47 € ; 122,81 € ; 131,49 € 
01.12.21; 100,00 € ; 119,22 € ; 123,57 € ; 132,62 € 
02.12.21; 100,00 € ; 118,27 € ; 122,43 € ; 130,80 € 
03.12.21; 100,00 € ; 118,00 € ; 122,13 € ; 130,24 € 
06.12.21; 100,00 € ; 118,39 € ; 122,40 € ; 130,49 € 
07.12.21; 100,00 € ; 120,13 € ; 124,34 € ; 133,46 € 
08.12.21; 100,00 € ; 119,57 € ; 123,76 € ; 132,75 € 
09.12.21; 100,00 € ; 119,66 € ; 123,90 € ; 132,90 € 
10.12.21; 100,00 € ; 119,34 € ; 123,47 € ; 132,20 € 
13.12.21; 100,00 € ; 119,16 € ; 123,25 € ; 131,79 € 
14.12.21; 100,00 € ; 118,42 € ; 122,42 € ; 130,57 € 
15.12.21; 100,00 € ; 118,35 € ; 122,34 € ; 130,61 € 
16.12.21; 100,00 € ; 119,26 € ; 123,31 € ; 131,93 € 
17.12.21; 100,00 € ; 118,75 € ; 122,78 € ; 131,07 € 
20.12.21; 100,00 € ; 117,28 € ; 121,11 € ; 128,71 € 
21.12.21; 100,00 € ; 117,28 € ; 121,11 € ; 128,71 € 
22.12.21; 100,00 € ; 117,53 € ; 121,24 € ; 128,86 € 
23.12.21; 100,00 € ; 117,77 € ; 121,43 € ; 129,19 € 
27.12.21; 100,00 € ; 118,07 € ; 121,64 € ; 129,33 € 
28.12.21; 100,00 € ; 118,28 € ; 121,75 € ; 129,44 € 
29.12.21; 100,00 € ; 117,99 € ; 121,51 € ; 129,22 € 
30.12.21; 100,00 € ; 118,05 € ; 121,54 € ; 129,30 € 
31.12.21; 100,00 € ; 118,05 € ; 121,54 € ; 129,30 € 
03.01.22; 100,00 € ; 118,07 € ; 121,62 € ; 129,50 € 
04.01.22; 100,00 € ; 118,33 € ; 121,81 € ; 129,72 € 
05.01.22; 100,00 € ; 118,22 € ; 121,73 € ; 129,70 € 
06.01.22; 100,00 € ; 117,51 € ; 121,16 € ; 129,07 € 
07.01.22; 100,00 € ; 117,15 € ; 120,83 € ; 128,81 € 
10.01.22; 100,00 € ; 116,81 € ; 120,74 € ; 128,73 € 
11.01.22; 100,00 € ; 117,26 € ; 121,11 € ; 129,18 € 
12.01.22; 100,00 € ; 117,57 € ; 121,23 € ; 129,26 € 
13.01.22; 100,00 € ; 117,44 € ; 121,09 € ; 129,03 € 
14.01.22; 100,00 € ; 117,09 € ; 120,94 € ; 128,92 € 
17.01.22; 100,00 € ; 117,17 € ; 120,98 € ; 129,05 € 
18.01.22; 100,00 € ; 116,84 € ; 120,78 € ; 128,88 € 
19.01.22; 100,00 € ; 117,01 € ; 120,98 € ; 129,12 € 
20.01.22; 100,00 € ; 117,14 € ; 121,11 € ; 129,31 € 
21.01.22; 100,00 € ; 116,51 € ; 120,68 € ; 128,70 € 
24.01.22; 100,00 € ; 115,46 € ; 119,87 € ; 127,81 € 
25.01.22; 100,00 € ; 115,69 € ; 120,08 € ; 128,08 € 
26.01.22; 100,00 € ; 115,75 € ; 120,02 € ; 128,04 € 
27.01.22; 100,00 € ; 115,71 € ; 119,92 € ; 127,91 € 
28.01.22; 100,00 € ; 115,43 € ; 119,73 € ; 127,74 € 
31.01.22; 100,00 € ; 115,50 € ; 119,80 € ; 127,87 € 
01.02.22; 100,00 € ; 115,63 € ; 119,88 € ; 127,98 € 
02.02.22; 100,00 € ; 115,66 € ; 119,84 € ; 127,85 € 
03.02.22; 100,00 € ; 115,09 € ; 119,36 € ; 127,44 € 
04.02.22; 100,00 € ; 114,76 € ; 119,14 € ; 127,34 € 
07.02.22; 100,00 € ; 114,94 € ; 119,33 € ; 127,64 € 
08.02.22; 100,00 € ; 115,06 € ; 119,49 € ; 127,84 € 
09.02.22; 100,00 € ; 115,28 € ; 119,61 € ; 127,93 € 
10.02.22; 100,00 € ; 115,03 € ; 119,41 € ; 127,87 € 
11.02.22; 100,00 € ; 115,01 € ; 119,44 € ; 127,98 € 
14.02.22; 100,00 € ; 115,11 € ; 119,70 € ; 128,31 € 
15.02.22; 100,00 € ; 115,09 € ; 119,59 € ; 128,21 € 
16.02.22; 100,00 € ; 115,24 € ; 119,76 € ; 128,39 € 
17.02.22; 100,00 € ; 115,42 € ; 120,03 € ; 128,68 € 
18.02.22; 100,00 € ; 115,39 € ; 120,05 € ; 128,72 € 
21.02.22; 100,00 € ; 115,26 € ; 119,99 € ; 128,65 € 
22.02.22; 100,00 € ; 115,27 € ; 120,00 € ; 128,67 € 
23.02.22; 100,00 € ; 115,31 € ; 120,09 € ; 128,84 € 
24.02.22; 100,00 € ; 115,03 € ; 120,04 € ; 128,89 € 
25.02.22; 100,00 € ; 114,75 € ; 119,68 € ; 128,43 € 
28.02.22; 100,00 € ; 115,17 € ; 120,08 € ; 128,68 € 
01.03.22; 100,00 € ; 115,87 € ; 120,83 € ; 129,40 € 
02.03.22; 100,00 € ; 115,59 € ; 120,59 € ; 129,28 € 
03.03.22; 100,00 € ; 115,76 € ; 120,82 € ; 129,62 € 
04.03.22; 100,00 € ; 116,33 € ; 121,45 € ; 130,24 € 
07.03.22; 100,00 € ; 116,31 € ; 121,54 € ; 130,57 € 
08.03.22; 100,00 € ; 116,57 € ; 121,97 € ; 131,28 € 
09.03.22; 100,00 € ; 115,92 € ; 121,16 € ; 130,31 € 
10.03.22; 100,00 € ; 115,75 € ; 121,04 € ; 130,32 € 
11.03.22; 100,00 € ; 115,85 € ; 121,16 € ; 130,47 € 
14.03.22; 100,00 € ; 115,30 € ; 120,57 € ; 129,94 € 
15.03.22; 100,00 € ; 115,10 € ; 120,30 € ; 129,58 € 
16.03.22; 100,00 € ; 114,96 € ; 120,13 € ; 129,33 € 
17.03.22; 100,00 € ; 115,06 € ; 120,25 € ; 129,48 € 
18.03.22; 100,00 € ; 115,17 € ; 120,34 € ; 129,49 € 
21.03.22; 100,00 € ; 115,32 € ; 120,70 € ; 130,24 € 
22.03.22; 100,00 € ; 115,50 € ; 121,17 € ; 131,16 € 
23.03.22; 100,00 € ; 115,70 € ; 121,40 € ; 131,44 € 
24.03.22; 100,00 € ; 115,98 € ; 121,74 € ; 131,85 € 
25.03.22; 100,00 € ; 116,04 € ; 121,86 € ; 132,05 € 
28.03.22; 100,00 € ; 115,96 € ; 121,85 € ; 132,12 € 
29.03.22; 100,00 € ; 115,82 € ; 121,79 € ; 132,20 € 
30.03.22; 100,00 € ; 115,75 € ; 121,69 € ; 132,03 € 
31.03.22; 100,00 € ; 115,89 € ; 121,84 € ; 132,18 € 
01.04.22; 100,00 € ; 115,92 € ; 121,71 € ; 131,84 € 
04.04.22; 100,00 € ; 116,51 € ; 122,63 € ; 133,22 € 
05.04.22; 100,00 € ; 116,54 € ; 122,65 € ; 133,20 € 
06.04.22; 100,00 € ; 115,86 € ; 121,47 € ; 131,30 € 
07.04.22; 100,00 € ; 115,73 € ; 121,30 € ; 131,06 € 
08.04.22; 100,00 € ; 116,26 € ; 122,08 € ; 132,20 € 
11.04.22; 100,00 € ; 115,87 € ; 121,33 € ; 130,91 € 
12.04.22; 100,00 € ; 116,32 € ; 121,97 € ; 131,79 € 
13.04.22; 100,00 € ; 116,26 € ; 121,87 € ; 131,65 € 
14.04.22; 100,00 € ; 116,36 € ; 121,98 € ; 131,81 € 
18.04.22; 100,00 € ; 116,28 € ; 121,89 € ; 131,71 € 
19.04.22; 100,00 € ; 116,27 € ; 121,98 € ; 131,87 € 
20.04.22; 100,00 € ; 116,28 € ; 121,90 € ; 131,80 € 
21.04.22; 100,00 € ; 116,18 € ; 121,80 € ; 131,68 € 
22.04.22; 100,00 € ; 115,10 € ; 120,50 € ; 129,61 € 
25.04.22; 100,00 € ; 114,06 € ; 119,27 € ; 127,76 € 
26.04.22; 100,00 € ; 114,22 € ; 119,35 € ; 127,74 € 
27.04.22; 100,00 € ; 114,42 € ; 119,57 € ; 127,99 € 
28.04.22; 100,00 € ; 114,58 € ; 119,76 € ; 128,22 € 
29.04.22; 100,00 € ; 114,72 € ; 119,94 € ; 128,44 € 
02.05.22; 100,00 € ; 114,10 € ; 119,21 € ; 127,56 € 
03.05.22; 100,00 € ; 114,32 € ; 119,46 € ; 127,85 € 
04.05.22; 100,00 € ; 114,02 € ; 119,12 € ; 127,46 € 
05.05.22; 100,00 € ; 114,17 € ; 119,32 € ; 127,72 € 
06.05.22; 100,00 € ; 113,89 € ; 119,00 € ; 127,35 € 
09.05.22; 100,00 € ; 113,41 € ; 118,44 € ; 126,69 € 
10.05.22; 100,00 € ; 113,28 € ; 118,28 € ; 126,49 € 
11.05.22; 100,00 € ; 113,31 € ; 118,31 € ; 126,53 € 
12.05.22; 100,00 € ; 113,25 € ; 118,26 € ; 126,48 € 
13.05.22; 100,00 € ; 113,06 € ; 118,02 € ; 126,18 € 
16.05.22; 100,00 € ; 113,07 € ; 118,04 € ; 126,20 € 
17.05.22; 100,00 € ; 112,97 € ; 117,91 € ; 126,05 € 
18.05.22; 100,00 € ; 112,99 € ; 117,94 € ; 126,08 € 
19.05.22; 100,00 € ; 113,09 € ; 118,06 € ; 126,24 € 
20.05.22; 100,00 € ; 113,10 € ; 118,08 € ; 126,26 € 
23.05.22; 100,00 € ; 113,02 € ; 117,98 € ; 126,12 € 
24.05.22; 100,00 € ; 113,05 € ; 118,02 € ; 126,17 € 
25.05.22; 100,00 € ; 113,00 € ; 117,95 € ; 126,10 € 
26.05.22; 100,00 € ; 112,92 € ; 117,84 € ; 125,96 € 
27.05.22; 100,00 € ; 113,00 € ; 117,95 € ; 126,09 € 
30.05.22; 100,00 € ; 112,92 € ; 117,85 € ; 125,96 € 
31.05.22; 100,00 € ; 112,89 € ; 117,81 € ; 125,91 € 
01.06.22; 100,00 € ; 112,99 € ; 117,94 € ; 126,08 € 
02.06.22; 100,00 € ; 113,06 € ; 118,03 € ; 126,19 € 
03.06.22; 100,00 € ; 112,95 € ; 117,90 € ; 126,03 € 
06.06.22; 100,00 € ; 112,93 € ; 117,86 € ; 125,99 € 
07.06.22; 100,00 € ; 112,96 € ; 117,90 € ; 126,04 € 
08.06.22; 100,00 € ; 112,95 € ; 117,90 € ; 126,04 € 
09.06.22; 100,00 € ; 112,87 € ; 117,81 € ; 125,94 € 
10.06.22; 100,00 € ; 113,06 € ; 118,10 € ; 126,32 € 
13.06.22; 100,00 € ; 112,86 € ; 117,87 € ; 126,03 € 
14.06.22; 100,00 € ; 112,75 € ; 117,76 € ; 125,90 € 
15.06.22; 100,00 € ; 112,83 € ; 117,86 € ; 126,02 € 
16.06.22; 100,00 € ; 112,86 € ; 117,90 € ; 126,08 € 
17.06.22; 100,00 € ; 112,89 € ; 117,94 € ; 126,14 € 
20.06.22; 100,00 € ; 112,78 € ; 117,80 € ; 125,95 € 
21.06.22; 100,00 € ; 112,74 € ; 117,76 € ; 125,90 € 
22.06.22; 100,00 € ; 112,58 € ; 117,57 € ; 125,68 € 
23.06.22; 100,00 € ; 112,76 € ; 117,78 € ; 125,92 € 
24.06.22; 100,00 € ; 112,89 € ; 117,89 € ; 126,04 € 
27.06.22; 100,00 € ; 112,80 € ; 117,77 € ; 125,89 € 
28.06.22; 100,00 € ; 112,97 € ; 117,98 € ; 126,13 € 
29.06.22; 100,00 € ; 112,93 € ; 117,95 € ; 126,11 € 
30.06.22; 100,00 € ; 112,87 € ; 117,87 € ; 126,02 € 
01.07.22; 100,00 € ; 113,04 € ; 118,06 € ; 126,24 € 
04.07.22; 100,00 € ; 113,03 € ; 118,05 € ; 126,23 € 
05.07.22; 100,00 € ; 112,92 € ; 117,91 € ; 126,06 € 
06.07.22; 100,00 € ; 112,83 € ; 117,80 € ; 125,91 € 
07.07.22; 100,00 € ; 113,17 € ; 118,17 € ; 126,34 € 
08.07.22; 100,00 € ; 113,08 € ; 118,07 € ; 126,22 € 
11.07.22; 100,00 € ; 112,82 € ; 117,81 € ; 125,95 € 
12.07.22; 100,00 € ; 112,80 € ; 117,78 € ; 125,91 € 
13.07.22; 100,00 € ; 112,77 € ; 117,76 € ; 125,89 € 
14.07.22; 100,00 € ; 112,49 € ; 117,42 € ; 125,48 € 
15.07.22; 100,00 € ; 112,37 € ; 117,27 € ; 125,29 € 
18.07.22; 100,00 € ; 112,38 € ; 117,27 € ; 125,27 € 
19.07.22; 100,00 € ; 112,26 € ; 117,18 € ; 125,17 € 
20.07.22; 100,00 € ; 112,46 € ; 117,40 € ; 125,46 € 
21.07.22; 100,00 € ; 112,40 € ; 117,32 € ; 125,32 € 
22.07.22; 100,00 € ; 112,63 € ; 117,64 € ; 125,81 € 
25.07.22; 100,00 € ; 112,62 € ; 117,67 € ; 125,95 € 
26.07.22; 100,00 € ; 112,82 € ; 117,98 € ; 126,47 € 
27.07.22; 100,00 € ; 113,07 € ; 118,29 € ; 126,87 € 
28.07.22; 100,00 € ; 113,77 € ; 119,14 € ; 128,03 € 
29.07.22; 100,00 € ; 114,06 € ; 119,53 € ; 128,63 € 
01.08.22; 100,00 € ; 113,99 € ; 119,42 € ; 128,40 € 
02.08.22; 100,00 € ; 114,27 € ; 119,81 € ; 128,97 € 
03.08.22; 100,00 € ; 114,30 € ; 119,77 € ; 128,85 € 
04.08.22; 100,00 € ; 114,21 € ; 119,60 € ; 128,45 € 
05.08.22; 100,00 € ; 114,26 € ; 119,68 € ; 128,54 € 
08.08.22; 100,00 € ; 114,70 € ; 120,16 € ; 129,19 € 
09.08.22; 100,00 € ; 114,48 € ; 119,98 € ; 129,02 € 
10.08.22; 100,00 € ; 114,58 € ; 120,00 € ; 128,96 € 
11.08.22; 100,00 € ; 114,67 € ; 120,12 € ; 129,20 € 
12.08.22; 100,00 € ; 115,29 € ; 120,88 € ; 130,26 € 
15.08.22; 100,00 € ; 115,57 € ; 121,12 € ; 130,53 € 
16.08.22; 100,00 € ; 115,75 € ; 121,24 € ; 130,66 € 
17.08.22; 100,00 € ; 115,54 € ; 121,02 € ; 130,39 € 
18.08.22; 100,00 € ; 115,70 € ; 121,23 € ; 130,64 € 
19.08.22; 100,00 € ; 115,68 € ; 121,11 € ; 130,51 € 
22.08.22; 100,00 € ; 115,68 € ; 121,12 € ; 130,52 € 
23.08.22; 100,00 € ; 115,76 € ; 121,28 € ; 130,71 € 
24.08.22; 100,00 € ; 115,94 € ; 121,46 € ; 130,92 € 
25.08.22; 100,00 € ; 116,03 € ; 121,59 € ; 131,07 € 
26.08.22; 100,00 € ; 115,56 € ; 121,03 € ; 130,41 € 
29.08.22; 100,00 € ; 115,27 € ; 120,78 € ; 130,14 € 
30.08.22; 100,00 € ; 114,87 € ; 120,32 € ; 129,59 € 
31.08.22; 100,00 € ; 114,60 € ; 120,02 € ; 129,23 € 
01.09.22; 100,00 € ; 114,37 € ; 119,76 € ; 128,92 € 
02.09.22; 100,00 € ; 114,73 € ; 120,15 € ; 129,38 € 
05.09.22; 100,00 € ; 114,88 € ; 120,34 € ; 129,61 € 
06.09.22; 100,00 € ; 114,62 € ; 120,05 € ; 129,28 € 
07.09.22; 100,00 € ; 114,61 € ; 120,07 € ; 129,31 € 
08.09.22; 100,00 € ; 114,76 € ; 120,23 € ; 129,48 € 
09.09.22; 100,00 € ; 114,95 € ; 120,45 € ; 129,72 € 
12.09.22; 100,00 € ; 115,15 € ; 120,67 € ; 129,97 € 
13.09.22; 100,00 € ; 114,70 € ; 120,16 € ; 129,38 € 
14.09.22; 100,00 € ; 114,66 € ; 120,10 € ; 129,31 € 
15.09.22; 100,00 € ; 114,07 € ; 119,41 € ; 128,48 € 
16.09.22; 100,00 € ; 113,68 € ; 118,99 € ; 128,01 € 
19.09.22; 100,00 € ; 113,69 € ; 118,99 € ; 128,01 € 
20.09.22; 100,00 € ; 113,69 € ; 118,99 € ; 128,00 € 
21.09.22; 100,00 € ; 113,86 € ; 119,21 € ; 128,28 € 
22.09.22; 100,00 € ; 113,91 € ; 119,27 € ; 128,37 € 
23.09.22; 100,00 € ; 113,72 € ; 119,05 € ; 128,11 € 
26.09.22; 100,00 € ; 113,73 € ; 119,07 € ; 128,14 € 
27.09.22; 100,00 € ; 113,67 € ; 119,00 € ; 128,05 € 
28.09.22; 100,00 € ; 113,84 € ; 119,19 € ; 128,29 € 
29.09.22; 100,00 € ; 113,45 € ; 118,75 € ; 127,76 € 
30.09.22; 100,00 € ; 113,61 € ; 118,93 € ; 127,99 € 